timestamp,Average Flow Duration - s1,Average Flow Duration - s2,Average Flow Duration - s3,Average Flow Duration - s4,Average Flow Duration - s5,Average Packets Per Flow - s1,Average Packets Per Flow - s2,Average Packets Per Flow - s3,Average Packets Per Flow - s4,Average Packets Per Flow - s5,Bridge Controller Status,CPU Utilization,Interface Utilization Percentage - s1-eth1,Interface Utilization Percentage - s1-eth2,Interface Utilization Percentage - s1-eth3,Interface Utilization Percentage - s1-eth4,Interface Utilization Percentage - s1-eth5,Interface Utilization Percentage - s1-eth6,Interface Utilization Percentage - s1-eth7,Interface Utilization Percentage - s2-eth1,Interface Utilization Percentage - s2-eth2,Interface Utilization Percentage - s2-eth3,Interface Utilization Percentage - s2-eth4,Interface Utilization Percentage - s2-eth5,Interface Utilization Percentage - s2-eth6,Interface Utilization Percentage - s2-eth7,Interface Utilization Percentage - s2-eth8,Interface Utilization Percentage - s3-eth1,Interface Utilization Percentage - s3-eth2,Interface Utilization Percentage - s3-eth3,Interface Utilization Percentage - s3-eth4,Interface Utilization Percentage - s3-eth5,Interface Utilization Percentage - s3-eth6,Interface Utilization Percentage - s3-eth7,Interface Utilization Percentage - s3-eth8,Interface Utilization Percentage - s4-eth1,Interface Utilization Percentage - s4-eth2,Interface Utilization Percentage - s4-eth3,Interface Utilization Percentage - s4-eth4,Interface Utilization Percentage - s4-eth5,Interface Utilization Percentage - s4-eth6,Interface Utilization Percentage - s4-eth7,Interface Utilization Percentage - s4-eth8,Interface Utilization Percentage - s5-eth1,Interface Utilization Percentage - s5-eth2,Interface Utilization Percentage - s5-eth3,Interface Utilization Percentage - s5-eth4,Interface Utilization Percentage - s5-eth5,Interface Utilization Percentage - s5-eth6,Interface Utilization Percentage - s5-eth7,Rate of Packet in Messages - s1,Rate of Packet in Messages - s2,Rate of Packet in Messages - s3,Rate of Packet in Messages - s4,Rate of Packet in Messages - s5,Rate of Port Flapping - s1,Rate of Port Flapping - s2,Rate of Port Flapping - s3,Rate of Port Flapping - s4,Rate of Port Flapping - s5
2025-04-02 02:53:46,0,2,2.5714285714285716,2.125,0.25,0,2,687.2857142857143,601.25,0.25,1,2.4,1.48275103045251e-09,4.653142324656424e-09,1.48275103045251e-09,1.8601785654767857e-09,1.8601785654767857e-09,1.8601785654767857e-09,5.6074948060749475e-09,0.000008487065119599153,0.0003372752304769523,1.8601785654767857e-09,1.8601785654767857e-09,2.662973647079737e-08,2.237606100501061e-09,1.8601785654767857e-09,1.4029520659045208e-08,0.0006231258883806065,5.7331065226810644e-08,1.3053600889911011e-08,3.4192976257929764e-08,4.4068511759935126e-08,1.1533107105956072e-08,0.0003392332097623571,0.0009624040365991179,0.0006260023183948272,7.877627459476274e-08,1.48275103045251e-09,5.288097134730972e-08,2.237606100501061e-09,4.006408803564087e-08,0.0009743869771417303,0.00034835554680309744,0.00034416182022297765,1.48275103045251e-09,3.8083827172838264e-08,1.8601785654767857e-09,1.8601785654767857e-09,1.8601785654767857e-09,0.0003441943297847993,4.152618682391378,7.5234477492014795,9.283624585798622,7.6365240286604115,5.190600965529148,0,0,0,0,0
2025-04-02 02:53:56,2.3333333333333335,5.666666666666667,7.882352941176471,9.666666666666666,8.8,2,10858.222222222223,17128.058823529413,19412.4,20999.4,1,2.5,2.8186499999999996e-09,4.873468888888888e-08,4.068659999999999e-09,3.1046e-09,3.1046e-09,3.1046e-09,5.519940888888889e-08,0.00001717667585666667,0.0007991576067099999,1.0089949999999999e-08,3.1046e-09,6.320337222222222e-08,3.3905499999999996e-09,3.1046e-09,5.519940888888889e-08,0.0010474437819855554,8.407341666666665e-08,4.852668222222223e-08,8.679706555555555e-08,7.145998333333334e-08,4.2272289999999996e-08,0.0008026332608355557,0.0018501104714955554,0.0010479837313233332,1.3356121777777774e-07,2.1168469999999996e-08,1.0265587666666665e-07,3.3905499999999996e-09,6.070759444444445e-08,0.0018572387903688886,0.0008092198989122221,0.0008049429324122221,2.0866179999999998e-08,6.079828555555556e-08,4.354609999999999e-09,3.1046e-09,3.1046e-09,0.0008060303829577778,6.302517367288299,12.178363576846989,14.835517144316514,11.835279560761393,6.849756913311415,0,0,0,0,0
2025-04-02 02:54:06,7.75,10.461538461538462,16.5,17.27777777777778,12.625,13.25,20804,34708.11111111111,34708.5,33797.125,1,2.5,3.437502175853398e-09,7.47201756237755e-08,2.9718702463004323e-08,3.6929428895580036e-09,3.6929428895580036e-09,3.6929428895580036e-09,1.0354013273631619e-07,0.000023279938459273578,0.0012141386535756216,4.601260291323623e-08,1.2939896725664702e-08,1.5402134762174594e-07,3.948383603262609e-09,9.93299461005621e-09,1.0354013273631619e-07,0.001445329376759108,8.505512538470939e-08,8.71366715553926e-08,1.4719962779018475e-07,9.158428857926956e-08,6.348566936657668e-08,0.001217204468545493,0.0026625300929459758,0.0014550450312659944,1.765761007966401e-07,6.833832372254259e-08,1.3182634745508483e-07,3.948383603262609e-09,8.546091500653684e-08,0.0026813842084617546,0.001226312774437889,0.0012206371446135127,5.3452443622249633e-08,6.776153646730295e-08,6.9698823310827916e-09,3.6929428895580036e-09,3.6929428895580036e-09,0.0012207407843257078,9.292044857510373,16.519397310240294,18.276840589162454,15.782209117645282,10.593895743126136,0,0,0,0,0
2025-04-02 02:54:16,14.6,14.363636363636363,19.51851851851852,19.357142857142858,17,23.4,18331.909090909092,33572.333333333336,32373.14285714286,37132.818181818184,1,2.7,3.520525893102672e-09,9.68256140818702e-08,5.8697161598737806e-08,3.760717718168156e-09,4.00090954323364e-09,8.399851253718655e-09,1.5184954681688513e-07,0.00003102440059901281,0.0016386927519770338,6.495463252307582e-08,9.300134302198e-08,2.456361664569497e-07,4.00090954323364e-09,4.112770307478424e-08,1.5184954681688513e-07,0.0018693152469303545,7.192029504817934e-08,1.3022924135229953e-07,2.0514500776369483e-07,8.920069546872441e-08,7.876518559258241e-08,0.0016431939113847151,0.003512483343050451,0.0018788372195686774,2.141810343630298e-07,9.311560113774935e-08,1.2813852223138864e-07,3.7126793531550594e-09,1.0655684385668136e-07,0.003529551724183424,0.0016506412980719929,0.0016490566624005234,7.476526822940538e-08,6.66200408878667e-08,2.4300550073053726e-08,3.472487528089575e-09,3.472487528089575e-09,0.0016491983697602007,10.642933588689235,20.052144657385462,22.6712415091996,19.709616763941668,12.446740283693476,0,0,0,0,0
2025-04-02 02:54:26,16,19.037037037037038,20.033333333333335,17.363636363636363,15.727272727272727,21.11111111111111,20818.814814814814,41000.86666666667,56233.181818181816,51287,1,2.8,2.253e-08,9.491666666666666e-08,6.699e-08,4.523333333333334e-09,4.523333333333334e-09,3.789666666666666e-08,2.043522902222222e-07,0.000039380700734,0.00205481541771,8.501e-08,1.4965901977777778e-07,2.921287526666667e-07,4.7566666666666666e-09,6.463e-08,2.043522902222222e-07,0.0022809944443815556,9.551000000000001e-08,1.5126621711111113e-07,2.473406513333334e-07,8.573666666666667e-08,9.993666666666667e-08,0.0020574385256835557,0.00433842115294,0.0022841307099433334,2.41113126e-07,1.2752640688888889e-07,1.2658326555555554e-07,1.2023333333333332e-08,1.0793e-07,0.004344437771638222,0.0020601518052271108,0.0020585053735384445,9.966333333333334e-08,8.311000000000001e-08,7.126333333333334e-08,4.243333333333334e-09,4.476666666666667e-09,0.002058733109059555,12.447251881661261,22.222819204088783,25.73627459449283,21.62934938888404,13.190879746721542,0,0,0,0,0
2025-04-02 02:54:36,14.272727272727273,21.185185185185187,24.333333333333332,23.875,25.90909090909091,17.545454545454547,26856.51851851852,58249.22222222222,65852.875,66166.18181818182,1,2.9,6.869195949414344e-08,9.255148230368726e-08,6.635200629320748e-08,3.886588934887969e-09,4.87323586861596e-09,7.52918274967834e-08,2.8302691212842405e-07,0.000043891555502223285,0.002473164716705666,1.0957114191049511e-07,1.8185838933221336e-07,3.050112616081012e-07,5.119897602047959e-09,1.105577888442231e-07,2.82644229782071e-07,0.002478069505276561,1.0807783844323113e-07,1.621300907315187e-07,3.0527907625180836e-07,5.8265501356639533e-08,1.1851762964740706e-07,0.0024739752671613232,0.004952017752978274,0.002481311940427858,1.9763604727905442e-07,1.796819928601428e-07,1.0270461257441518e-07,4.616574335179963e-08,1.3389065552022292e-07,0.004954612294420778,0.0024731311907095193,0.0024722470483923655,1.2990296910728452e-07,1.0205129230748719e-07,7.825176829796737e-08,3.606594534775971e-09,3.606594534775971e-09,0.0024725681753031605,14.677076521470992,26.555755033467843,27.38729822266881,25.98303900771435,15.552715387764431,0,0,0,0,0
2025-04-02 02:54:46,15.416666666666666,25.952380952380953,29.925925925925927,26.444444444444443,23.928571428571427,18.166666666666668,40791.19047619047,68338.25925925926,68834.22222222222,61562.857142857145,1,3,1.1761862858818982e-07,5.7441035691905665e-08,8.46066157353706e-08,2.783222004453155e-09,3.550857965681373e-08,1.0478580856765729e-07,3.483260669573217e-07,0.000042346089489753746,0.00246491242683626,1.1962521499140037e-07,1.8750574577016922e-07,2.744056904390491e-07,4.356159086969854e-08,1.3240068552813443e-07,3.5012599496020163e-07,0.002475304711144888,1.2203178539525088e-07,1.3222471101155953e-07,2.7497233443995577e-07,2.6562270842499633e-08,1.1087223177739557e-07,0.002467229310827567,0.004942516499340027,0.002484621225150994,1.4105769102569232e-07,2.1764129434822611e-07,7.971347812754157e-08,8.777982214044772e-08,1.705831766729331e-07,0.004949453475194326,0.0024647015986027226,0.0024664820307187716,1.699098702718558e-07,1.1600535978560858e-07,7.612695492180312e-08,8.476327613562124e-09,2.503233204005173e-09,0.0024658422996413475,16.04006288584685,28.538129529506506,31.830276851106255,29.301319452432995,17.054331454426936,0,0,0,0,0
2025-04-02 02:54:56,15.25,28.866666666666667,33.57142857142857,26.714285714285715,20.25,21.5,58572.05882352941,98036.54545454546,77040.35714285714,62370.75,1,3,1.6483399329097692e-07,2.7803889411121556e-08,8.799175983519672e-08,7.950159003180064e-09,5.693113862277246e-08,1.1901238024760496e-07,3.658606505463443e-07,0.0000404904998099962,0.002484089665126636,9.027180543610873e-08,1.8462035907384814e-07,1.825869850730348e-07,8.686507063474604e-08,1.2905924785162372e-07,3.6614065614645625e-07,0.0025016385161036555,1.304792762521917e-07,1.1364560624545825e-07,2.0722081108288832e-07,1.9433722007773487e-09,8.691840503476738e-08,0.00248570032067308,0.0049873672740121475,0.0024957193243864877,1.1481229624592492e-07,1.8824709827529888e-07,6.728467902691387e-08,8.694507223477802e-08,2.07547484283019e-07,0.0049757057474482825,0.002479959159183184,0.002482982316312993,1.9857397147942958e-07,1.585665046634266e-07,7.331813302932726e-08,3.103728741241492e-08,1.6633666006653468e-09,0.0024834365420641747,18.24571562219186,29.19836576929232,32.3464304442557,32.10881901104177,20.011631768775317,0,0,0,0,0
2025-04-02 02:55:06,16.928571428571427,26.785714285714285,35,28.37037037037037,23.666666666666668,22,79872.5,141538.64705882352,92862.73076923077,62321.555555555555,1,3,1.9178008338888886e-07,1.9433333333333334e-09,8.974999999999999e-08,3.360333333333333e-08,5.6696666666666665e-08,1.1450333333333332e-07,3.797466666666667e-07,0.000036334143333333336,0.0024660714633333337,6.854333333333332e-08,1.1966333333333332e-07,1.0377666666666665e-07,1.1983666666666665e-07,9.817666666666668e-08,3.8334666666666663e-07,0.00247750511,1.2921e-07,1.1804333333333334e-07,1.5301000000000002e-07,1.71e-09,6.854333333333332e-08,0.0024636294533333333,0.00494115794,0.0024703561300000003,6.877e-08,1.8165000000000002e-07,1.2294333333333333e-07,8.919666666666667e-08,2.0325666666666664e-07,0.004929556153333334,0.0024592324866666666,0.0024591614966666666,2.186166666666667e-07,1.9699e-07,5.6076666666666664e-08,3.349666666666667e-08,2.19e-09,0.00245965734,19.020917323152464,30.577040424329628,33.61518920561657,33.51969357664857,21.395466995265704,0,0,0,0,0
2025-04-02 02:55:16,10.142857142857142,26.785714285714285,35,28.37037037037037,23.666666666666668,15.6,72590.17647058824,114751.26086956522,92862.73076923077,88143.57142857143,1,3.1,2.1566666666666668e-07,1.0733333333333336e-09,1.0940666666666668e-07,8.864e-08,5.6293333333333336e-08,1.0902e-07,4.2306666666666667e-07,0.00003101602,0.0024588665533333337,4.3659999999999995e-08,1.0457333333333334e-07,7.075333333333333e-08,1.59610272e-07,7.35e-08,4.248666666666667e-07,0.00247680616,1.0356666666666667e-07,1.7234666666666666e-07,1.3280666666666666e-07,2.7320000000000006e-08,4.3133333333333336e-08,0.0024591656333333334,0.00493596358,0.0024815007533333334,3.484e-08,1.962e-07,1.7066000000000002e-07,9.032666666666667e-08,1.9968e-07,0.004948289406666666,0.002466912433333333,0.0024595470666666664,2.3301333333333334e-07,1.8674e-07,8.42e-09,3.262666666666666e-08,2.4566666666666668e-08,0.002460024046666667,20.689145737974957,33.38304548429732,37.56331910766914,37.10917105988649,22.277321356722574,0,0,0,0,0
2025-04-02 02:55:26,10.142857142857142,21.88235294117647,24.73913043478261,26.208333333333332,25.714285714285715,15.6,72590.17647058824,114751.26086956522,110228.625,88143.57142857143,1,3.1,1.943805542777522e-07,2.9100582011640235e-09,1.9196050587678422e-07,1.609031573409246e-07,5.515110302206044e-08,1.0189870464075948e-07,4.982766321993107e-07,0.00002920140736148056,0.0024723065694647224,4.379087581751636e-08,1.4500623345800249e-07,6.769802062707921e-08,1.877641106711023e-07,2.7243878210897555e-08,4.982766321993107e-07,0.0024949713094261886,6.030453942412182e-08,2.2018107028807243e-07,9.821863103928747e-08,8.277165543310866e-08,1.8010360207204144e-08,0.0024771378827576555,0.0049721020220404415,0.00249662417581685,3.2457315812982926e-08,2.0016733668006695e-07,1.8702040707480821e-07,7.855823783142329e-08,1.5023300466009323e-07,0.004974976066187991,0.002478419475056168,0.0024783470502743386,2.5724847830289945e-07,1.4484623025793849e-07,1.1033554004413424e-09,3.3724007813489606e-08,3.633739341453496e-08,0.002478834470022734,22.236207258233687,32.25041009398631,36.033247703645614,37.202488419358495,23.357302768005443,0,0,0,0,0
2025-04-02 02:55:36,17.176470588235293,24.91304347826087,32.8,33.32,30.533333333333335,20.941176470588236,60931.63636363636,114846,115455.8,89804.86666666667,1,3.1,1.465262638586105e-07,1.1450229004580093e-08,2.2692120509076853e-07,2.1037852551495472e-07,2.53705074101482e-08,9.811196223924478e-08,5.511043554204418e-07,0.000020927661886571066,0.0019756879370920757,2.6650533010660216e-08,1.3866610665546643e-07,6.74180150269672e-08,1.5064634626025854e-07,3.563404601425362e-09,4.044814229617926e-07,0.001991222001106689,1.436362060574545e-08,2.1990106468796048e-07,7.501816703000727e-08,8.249164983299666e-08,8.70017400348007e-10,0.001977226924538491,0.003968436775402175,0.0019892204277418882,2.645052901058021e-08,1.5242638186097055e-07,1.5462642586185058e-07,3.555737781422296e-08,8.875177503550072e-08,0.003970494369887398,0.0019813131929305255,0.001979287855757115,2.0259405188103766e-07,1.0430541944172217e-07,8.2334980032934e-10,2.7470549410988224e-08,3.605738781442296e-08,0.0019796949205650783,22.370326046212522,31.081169378273447,31.156826130466634,33.81169034379116,21.228596876751713,0,0,0,0,0
2025-04-02 02:55:46,20.894736842105264,29.56,34.724137931034484,35.148148148148145,30.733333333333334,26.473684210526315,58043.72,107650.75862068965,115619.88888888889,96713.33333333333,1,3.2,9.546333333333333e-08,1.145e-08,1.9971e-07,2.09940122e-07,3.1100000000000002e-09,8.304999999999999e-08,4.804600000000001e-07,0.000024251730000000002,0.001978232396666667,3.9863333333333334e-08,1.9057000000000002e-07,6.088333333333333e-08,1.3189666666666666e-07,8.233333333333334e-10,4.8018e-07,0.0019932492300000003,8.233333333333334e-10,2.1615e-07,8.643000000000001e-08,1.6343666666666667e-07,6.803333333333333e-09,0.0019764548733333335,0.0039697414600000005,0.001999154856666667,8.233333333333334e-10,1.7405e-07,1.3069666666666668e-07,4.208333333333333e-08,5.778333333333334e-08,0.00397809408,0.00197879362,0.0019794402966666663,1.7094333333333334e-07,6.803000000000001e-08,2.8300000000000004e-09,1.694333333333333e-08,3.629e-08,0.0019796965,25.55954122604534,35.37418388180099,35.33962528090044,38.18034227492549,24.30160815326539,0,0,0,0,0
2025-04-02 02:55:56,16.210526315789473,24.103448275862068,32.064516129032256,33.68,30,20.68421052631579,56922.25,104161.84848484848,137834.72,99828.1875,1,3.2,6.600333333333333e-08,4.205e-08,2.3261000000000002e-07,2.423033333333333e-07,1.3250000000000001e-08,1.0897e-07,5.954266666666667e-07,0.00002757439666666667,0.0019872911500000002,4.584333333333333e-08,1.9249000000000002e-07,3.568333333333333e-08,1.5576333333333333e-07,8.233333333333334e-10,5.918266666666667e-07,0.0020061855633333333,8.233333333333334e-10,1.9292333333333333e-07,7.325e-08,2.0369666666666668e-07,3.5603333333333334e-08,0.001988107393333333,0.00399434994,0.00200720793,1.1033333333333332e-09,1.5212333333333333e-07,7.585666666666666e-08,4.011e-08,9.168333333333333e-08,0.0039959797800000006,0.00198861062,0.001987370096666667,1.3657666666666665e-07,4.468333333333334e-08,2.0216666666666666e-08,5.587666666666666e-08,3.6323333333333336e-08,0.0019875918533333336,27.95080307692308,37.46303692307693,39.351697846153854,40.53728061538462,25.82088984615385,0,0,0,0,0
2025-04-02 02:56:06,20.59090909090909,26.93103448275862,34.225806451612904,35.689655172413794,28.208333333333332,23.818181818181817,60347.03448275862,121351.7741935484,129719.62068965517,79541.31818181818,1,3.3,3.0604557515633956e-08,4.8671946877875114e-08,1.9915796631865276e-07,2.563069189434244e-07,4.237836180113871e-08,1.4288238196194514e-07,6.548328599810659e-07,0.000031236826139712254,0.001983867538034855,6.973945624491645e-08,1.4458911689800927e-07,1.2563835886768804e-08,1.5424950331346587e-07,1.1033774684320705e-09,6.530327879781858e-07,0.0019995296445191138,8.233662679840525e-10,1.808038988226196e-07,4.288504873528275e-08,1.909976399055962e-07,8.307998986626132e-08,0.0019859715855300875,0.003985572142885715,0.001995101627398429,1.3833886688800886e-09,9.932730642559037e-08,5.508553675480352e-08,3.084456711601798e-08,1.5700294678453804e-07,0.003976123878288464,0.001980862941184314,0.0019879599217302022,9.279371174846993e-08,3.3504673520274145e-08,7.989986266117311e-08,1.0530754563515874e-07,2.0904169500113336e-08,0.00198820417483366,29.480467710944918,39.733646473953755,41.36342740408997,43.58460563376928,28.15326214336564,0,0,0,0,0
2025-04-02 02:56:16,16.263157894736842,28.16,34,32.54838709677419,25.9,24.125,75735.24,130661.45161290323,139670.37931034484,94657.85,1,3.3,1.5446975606178792e-08,7.680153603072063e-08,1.1632232644652894e-07,2.420915084968366e-07,9.020180403608074e-08,1.589165116635666e-07,6.888404434755362e-07,0.000032153983079661596,0.0019697484683026995,6.400794682560317e-08,8.3234998033294e-08,1.7333680006933473e-08,1.419361720567745e-07,2.8000560011200226e-10,6.888404434755362e-07,0.0019784660359873866,1.2333580004933433e-09,2.0495076568198033e-07,2.06937472082775e-08,1.3502936725401175e-07,1.058887844423555e-07,0.0019666113855610445,0.003945109848863644,0.00197514902298046,7.933492003173398e-10,6.357460482542985e-08,3.9267452015706984e-08,7.086808402834723e-09,1.8869710727547886e-07,0.003938328959912532,0.0019630631079288253,0.0019638350100335345,3.5934052014373626e-08,3.5907384814362954e-08,1.3847610285539044e-07,1.5589645126235859e-07,3.916745001566698e-08,0.001964059414521624,33.07892283008218,43.31142779681507,44.86929407947661,46.57814299746219,30.450452406032078,0,0,0,0,0
2025-04-02 02:56:26,18.208333333333332,26.242424242424242,36.21212121212121,38.41935483870968,32.30434782608695,24.434782608695652,65124.51612903226,134585.875,138926.25806451612,87827.91304347826,1,3.4,3.732890640105074e-08,1.2226733604016243e-07,7.976478588715325e-08,2.2672693694955035e-07,1.5114906894413668e-07,1.3816829009740587e-07,7.485315785613804e-07,0.000039029055076637934,0.0024592761965717947,8.128487709262557e-08,1.2472748364901897e-07,4.641611830043137e-08,1.5902954177250637e-07,5.60033602016121e-10,8.933602682827638e-07,0.002466086585195112,3.1735237447580195e-08,2.6983619017141033e-07,7.375775879886127e-08,1.3559480235480798e-07,1.1914714882892974e-07,0.0024555999226620264,0.004921763305798349,0.0024678134954763953,8.573847764199187e-09,1.1246008093818964e-07,7.175763879166084e-08,7.36710869318826e-09,2.007453780560167e-07,0.004925954590608771,0.0024580031668566785,0.002454196178437373,3.6215506263709156e-08,5.2196465121240616e-08,1.706835743477942e-07,1.7938409637911614e-07,1.0330619837190234e-07,0.0024544904094245656,34.8621945,47.754835500000006,47.82334050000001,48.446736,32.7796425,0,0,0,0,0
2025-04-02 02:56:36,18.45,23.36111111111111,33.8974358974359,41.29032258064516,36.34782608695652,26.333333333333332,63157.58823529412,116863.84615384616,147542.87096774194,93696.34782608696,1,3.4,3.732666666666667e-08,1.7626e-07,1.4115333333333334e-07,2.5797333333333335e-07,2.0760000000000003e-07,1.3816000000000001e-07,9.515666666666668e-07,0.00003735747333333333,0.0024440401066666666,1.3012666666666667e-07,1.1639333333333334e-07,9.112666666666666e-08,1.6722e-07,3.553333333333333e-09,9.515666666666668e-07,0.00241045548,6.886666666666666e-08,2.985133333333333e-07,1.2174e-07,7.296666666666668e-08,1.449466666666667e-07,0.0024483806333333333,0.004858756113333334,0.0023997505466666668,3.088e-08,1.0441999999999999e-07,1.0149333333333334e-07,7.126666666666666e-09,1.8820666666666667e-07,0.0048500924666666665,0.002450245266666667,0.0024483765666666667,1.106e-08,6.629333333333333e-08,1.7045999999999998e-07,1.6678000000000002e-07,1.621e-07,0.0024487476266666667,35.71042216182936,51.941188641435,51.831752373557336,51.33244940136551,34.42454601426684,0,0,0,0,0
2025-04-02 02:56:46,20.57894736842105,26.82051282051282,35.13513513513514,40.6551724137931,39.22222222222222,29.94736842105263,60397.10526315789,137919.08571428573,178775.55555555556,127475.11111111111,1,3.4,3.7325173659720284e-08,1.5417383304667815e-07,1.3982774022372439e-07,2.002853219204565e-07,2.0396517472634431e-07,1.1223551057957682e-07,8.406797061450876e-07,0.00003705860432249377,0.0024504682546031492,1.9020572510432916e-07,1.0586909856939056e-07,1.0826233617321974e-07,1.3064144100902632e-07,4.024505686439209e-08,8.406797061450876e-07,0.001914248056744397,1.0997560097596097e-07,2.927882884684613e-07,1.6947988747116781e-07,4.956468407930349e-08,1.467407970347853e-07,0.0024508322600429316,0.004364920163193472,0.0019096793861578872,3.0598776048958044e-08,1.0413583456661734e-07,1.0043598256069758e-07,3.0245456848392737e-08,1.5508046344812876e-07,0.004359196218817914,0.002449455435115929,0.002449866765329387,8.399664013439463e-10,9.070970494513553e-08,1.538071810460915e-07,1.2538165140061065e-07,1.8673253069877206e-07,0.0024502451968587925,36.738968444444446,54.31957911111111,56.04075777777778,51.25970592592593,35.78958814814815,0,0,0,0,0
2025-04-02 02:56:56,13.11111111111111,31.071428571428573,26.805555555555557,33.458333333333336,41.625,17.625,87363.75,67952.47222222222,106523.91304347826,152867,1,3.4,3.5251218260237723e-08,1.4755114693118416e-07,1.7260297715470405e-07,1.3038551020272117e-07,2.3007286229492898e-07,7.985520868747875e-08,7.398289435967174e-07,0.00003938832336726463,0.002463253384796912,2.2044010692691773e-07,1.0456705930977476e-07,1.0798018785539535e-07,1.1349985667526615e-07,7.842196134898573e-08,7.416288356031972e-07,0.0014274989767280631,1.639701617902926e-07,2.247731802758501e-07,2.131005473004953e-07,5.8203174476198096e-08,1.4730449506362951e-07,0.0024632924691185194,0.0038905607330226855,0.0014234291875820785,3.0318180909145455e-08,1.0262050943610049e-07,7.262230932810698e-08,5.336346485877514e-08,1.321987347425821e-07,0.0038853646514542465,0.0024618480157857195,0.002460000026665067,2.8131645434607258e-09,1.1382650374310876e-07,1.2561912951889553e-07,7.595544267343959e-08,2.0206787592744438e-07,0.0024603656713930496,36.6921275979853,54.25032362646906,55.969307853033904,53.554544296669,35.74395772698326,0,0,0,0,0
2025-04-02 02:57:06,14.4,36.125,25.625,27.458333333333332,35.266666666666666,23,101022.46153846153,65679.2258064516,85016.33333333333,136006.46666666667,1,3.4,2.48995020099598e-08,1.1735765284694305e-07,1.8275634487310253e-07,7.102524616174344e-08,2.4361512769744604e-07,8.622494216782332e-08,6.06481203709259e-07,0.000042399378679093086,0.002464895088764891,2.2941541169176617e-07,1.1409771804563909e-07,9.121150910315126e-08,1.0276461137443917e-07,1.0210462457417519e-07,6.072211889095552e-07,0.0009408462030759384,2.104824570175263e-07,1.390772184556309e-07,2.3342199822670215e-07,8.989153550262328e-08,1.475903815257028e-07,0.0024659259881469036,0.0034065164430044734,0.0009354612841076511,5.453224268847956e-08,7.681846363072738e-08,6.24587508249835e-08,7.022526216142343e-08,1.3952387618914288e-07,0.0034006096078078437,0.0024650205462557417,0.002465525602821277,8.75982480350393e-09,1.2769744605107898e-07,9.502476617134323e-08,2.3759524809503812e-08,1.8187636247275052e-07,0.0024658567828643426,37.584365144840945,55.088758556207225,57.99139444302779,55.150081849590755,36.351085577905444,0,0,0,0,0
2025-04-02 02:57:16,18.923076923076923,38.69565217391305,27,26.923076923076923,40.666666666666664,23.615384615384617,111497.28,59380.94594594595,75753.03448275862,129211.82352941176,1,3.4,7.933174669839936e-10,6.30787384252315e-08,1.7895642087158255e-07,3.181936361272775e-08,2.0155596888062238e-07,1.1696432738011907e-07,4.636040612521083e-07,0.00004405770551255641,0.0024702982740345196,2.3254868235968617e-07,1.0866449337679914e-07,6.21320906915195e-08,8.56782864342713e-08,1.0479790404191915e-07,4.636040612521083e-07,0.00045339845869749273,1.9684272981207043e-07,7.420518256301541e-08,1.975493823456864e-07,1.2987073591861496e-07,1.6824996833396665e-07,0.002472481483703659,0.0029255969947267722,0.0004429387078925088,7.784510976447137e-08,2.8172769877935776e-08,3.8012573081871694e-08,6.994526776131145e-08,1.9424944834436642e-07,0.0029100428658093507,0.0024669074085184963,0.002471135317293654,3.1879362412751744e-08,1.1141110511123111e-07,7.788510896448737e-08,2.7999440011199776e-10,1.371039245881749e-07,0.0024714570641920495,38.73011017407854,57.22390794964469,60.988011803118404,57.9318045152166,36.96036876014876,0,0,0,0,0
2025-04-02 02:57:26,18.818181818181817,35.291666666666664,28.1,27.615384615384617,39.25,21.454545454545453,121755.875,77724.4,89817.5,194579.25,1,3.5,1.8466297340719853e-09,2.4512843076471807e-08,1.9080285060965446e-07,5.599888002239955e-10,1.4509709805803883e-07,1.588301567301987e-07,3.644260448124371e-07,0.00004214773037872576,0.002456697966040679,1.716898995353426e-07,1.1406438537895907e-07,1.741965160696786e-08,5.208562495416758e-08,1.0203795924081516e-07,3.644260448124371e-07,1.9646273741191842e-07,1.5971013913055072e-07,3.657926841463171e-08,1.6666999993333467e-07,1.2452417618314302e-07,1.6706332540015865e-07,0.0024521890628854087,0.0024522066758664827,1.104577908441831e-07,9.177149790337527e-08,2.333286667599981e-10,3.167269987933575e-08,6.365872682546349e-08,2.134490643520463e-07,0.0024460945714419044,0.0024457691979493743,0.002447207002526616,4.1492503483263667e-08,8.076505136563934e-08,7.609181149710338e-08,2.333286667599981e-10,1.3076405138563895e-07,0.0024475436891262174,40.571153868881225,59.57825662843923,63.08726021481917,60.42830594684522,37.81019368269856,0,0,0,0,0
2025-04-02 02:57:36,16.533333333333335,36.84,23.28125,25,33.07692307692308,19.666666666666668,121295.48,76307.4375,84199.96551724138,162764,1,3.5,5.130307818469109e-09,4.631277876672601e-08,1.8161423018714459e-07,8.700522031321881e-10,1.3831496556460057e-07,1.878312698761926e-07,3.620083871698969e-07,0.0000426297111160003,0.0024479687481248876,1.2559753585215116e-07,1.386916548326233e-07,8.700522031321881e-10,3.1898580581501563e-08,6.570727576987953e-08,3.6236507523784766e-07,1.838076951283744e-07,1.1919715182910977e-07,7.83613683487676e-08,1.4335193444940032e-07,1.0880319485835819e-07,1.6629331093198927e-07,0.002446698861931716,0.0024468120020534573,1.0512297404510938e-07,1.2093725623537415e-07,5.900354021241275e-10,4.468601449420299e-08,4.0619103812895446e-08,2.3001046729470437e-07,0.0024516882079591447,0.0024512811168670126,0.0024470525531531894,4.1852511150669047e-08,4.085245114706883e-08,7.594789020674574e-08,2.843503943569948e-09,1.642331873245728e-07,0.0024473706022361346,42.45896287407446,62.40767706807071,64.93523894823645,62.50280036463609,39.30630504505052,0,0,0,0,0
2025-04-02 02:57:46,20,41.17391304347826,29.03448275862069,31.8,34.666666666666664,20.692307692307693,138043.1739130435,83359.4827586207,96693.44,161134,1,3.5,3.179127165086603e-08,7.588636878808486e-08,1.672100217342027e-07,1.1500460018400736e-09,8.347333893355734e-08,1.7076349720655492e-07,3.824219635452084e-07,0.00004018231062575836,0.0024431868508073655,1.0845433817352695e-07,1.7081016573996295e-07,1.3833886688800886e-09,9.010360414416577e-09,4.817859381041908e-08,3.824219635452084e-07,1.3974892329026493e-07,6.542595037134817e-08,1.4471578863154526e-07,9.948731282584637e-08,1.0828766483992693e-07,1.1824806325586356e-07,0.0024416444991132978,0.0024417937784178036,8.28599810659093e-08,1.2924850327346426e-07,1.3633878688480873e-09,5.349213968558743e-08,1.7450698027921116e-08,2.3659946397855914e-07,0.002447247769910796,0.0024468209395042467,0.002445404852860781,3.9598250596690535e-08,1.7450698027921116e-08,4.468512073816286e-08,1.9937464165233275e-08,1.7635038734882727e-07,0.002445687047481899,43.45102222222222,63.363811000000005,68.05516355555555,69.86788588888889,41.89629033333333,0,0,0,0,0
2025-04-02 02:57:56,19.833333333333332,44.608695652173914,35.24,36.31818181818182,45.30769230769231,22.272727272727273,143572.30434782608,101780.36,121161.76190476191,195706.53846153847,1,3.5,7.897315892635705e-08,8.157992986386122e-08,1.5729629185167406e-07,8.700348013920557e-10,2.4750990039601584e-08,1.1693467738709549e-07,3.7640838966892013e-07,0.00003971046508527008,0.0024442766944011095,1.0997439897595903e-07,1.781571262850514e-07,1.2230489219568782e-08,2.6167713375201676e-09,4.969865461285117e-08,3.75668360067736e-07,8.171993546408523e-08,1.768404069496113e-08,1.530694561115778e-07,7.063949224635651e-08,1.1137445497819913e-07,9.480045868501407e-08,0.00244248353267464,0.002442582956651599,8.233329333173326e-08,1.0503420136805472e-07,1.5223942291024972e-08,7.809312372494898e-08,3.583476672400229e-09,1.986779471178847e-07,0.0024401970145472482,0.0024398044188434203,0.00244029994199768,3.365134605384215e-08,5.900236009440378e-10,1.764403909489713e-08,4.357174286971479e-08,1.6646999213301867e-07,0.0024405726095710492,44.77329893319574,66.70370105480423,70.35367981471927,70.78109368437475,42.22916875667504,0,0,0,0,0
2025-04-02 02:58:06,16.88888888888889,40.35,23.708333333333332,23.272727272727273,37.9,14.777777777777779,173346,104201.23076923077,112881.58333333333,225752.83333333334,1,3.5,1.0279666666666666e-07,9.398333333333333e-08,1.4203e-07,8.7e-10,1.6270000000000003e-08,7.985e-08,3.6366666666666665e-07,0.00004049133666666667,0.0024281648033333335,1.1859666666666667e-07,1.7315e-07,3.383e-08,4.096666666666667e-09,6.386333333333334e-08,3.6366666666666665e-07,4.595e-08,8.233333333333334e-10,2.0207000000000004e-07,5.345e-08,1.0929000000000001e-07,6.088333333333333e-08,0.0024259144,0.00242597546,8.153666666666668e-08,7.417e-08,7.289e-08,9.148333333333333e-08,1.6223333333333335e-08,1.3267666666666667e-07,0.0024222754466666665,0.00242192512,0.002422540096666667,1.0483333333333333e-08,5.9e-10,3.076666666666667e-09,9.008333333333334e-08,1.5009666666666668e-07,0.0024227818733333333,46.1604109246574,68.91010011576967,73.29664426914462,72.90341465415892,42.83151883917502,0,0,0,0,0
2025-04-02 02:58:16,22.857142857142858,41.17391304347826,28.692307692307693,23.272727272727273,44,22.428571428571427,157072.21739130435,114196.8,129765,259511.81818181818,1,3.5,1.0173926376278282e-07,1.0734570617175314e-07,6.878724851005961e-08,1.1032892017652628e-09,4.506819727210912e-08,3.7981814060770904e-08,3.1735397250776637e-07,0.000045401753929842806,0.002433677676226284,1.215918029945469e-07,1.6757663026812264e-07,5.722771089156434e-08,5.071463808114341e-08,6.362745490180393e-08,3.1735397250776637e-07,4.5588176472941085e-08,8.233004013172806e-10,2.2737423836379877e-07,2.464901403943842e-08,1.1942522299108036e-07,4.474821007159714e-08,0.002434752836553205,0.0024348022745756836,6.036091889657748e-08,3.770182526032292e-08,1.3048478060877564e-07,1.0440582376704932e-07,4.5021532472034455e-08,1.0972561097556097e-07,0.0024354208231670733,0.002435074170366519,0.0024348361965521384,5.899764009439623e-10,5.899764009439623e-10,2.9882138047811423e-08,1.1352545898164075e-07,1.0980560777568898e-07,0.0024350697438769117,46.63327370348285,71.00182711787821,77.3912462391836,77.14054792795528,44.45152083279321,0,0,0,0,0
2025-04-02 02:58:26,22.857142857142858,41.17391304347826,28.692307692307693,27.75,44,22.666666666666668,209475,137272.31818181818,151011.75,251665,1,3.5,9.81839273570943e-08,8.326999746656531e-08,1.9174100297345227e-08,5.133538674880329e-10,7.387295491819672e-08,8.717015347280558e-09,2.8156459591717e-07,0.00004575611357787645,0.0024286727869114763,1.016373988292865e-07,1.8049388642212357e-07,6.090243609744389e-08,1.1555795565155939e-07,6.327586436790805e-08,2.81207914983266e-07,9.08169660119738e-08,2.65943971092177e-08,1.8581409923063592e-07,4.666853340800299e-10,1.2284491379655186e-07,4.0134938730882564e-08,0.0024312542101684064,0.0024312773910956436,3.0547888582209956e-08,8.547008547008545e-09,1.7760043735082736e-07,1.436057442297692e-07,4.892862381161914e-08,1.0857767644039094e-07,0.0024328820886168777,0.0024325837633505337,0.0024308149459311705,6.4935930770564155e-09,5.133538674880329e-10,6.501593397069216e-08,1.3488539541581664e-07,8.023654279504513e-08,0.002431086363454538,46.60582422331189,73.03215608404196,78.58490230461815,78.23954857626525,45.59007796345039,0,0,0,0,0
2025-04-02 02:58:36,17.571428571428573,50.388888888888886,34.19047619047619,33.476190476190474,42.166666666666664,22,230430.9411764706,137272.31818181818,151011.75,251665,1,3.5,7.151427885769138e-08,6.218169213129616e-08,2.3331466815988054e-10,2.3331466815988054e-10,8.470655680878864e-08,0,2.1805588886222435e-07,0.000039999933338666236,0.00207062970962323,6.410820467695918e-08,1.595539023544783e-07,6.038183611977708e-08,1.3742900567954565e-07,4.2336613070954325e-08,2.1625603285070527e-07,9.572567527931099e-08,3.1277497800175984e-08,1.2190358104684957e-07,4.666293363197611e-10,1.0116524011412421e-07,4.2589926139242194e-08,0.002069472542196624,0.002069514112204357,3.054422312881636e-08,2.3331466815988054e-10,1.8800495960323175e-07,1.4690158120683678e-07,4.868943817827907e-08,7.99069407780711e-08,0.0020593855291576677,0.0020591380289576833,0.002062633649308055,8.952617123963417e-09,5.132922699517372e-10,6.723462123030158e-08,1.2023704770285042e-07,5.590886062448338e-08,0.0020628658507319416,47.31944123752577,73.74563852164498,80.22274719135994,79.57977402143003,46.10117628397437,0,0,0,0,0
2025-04-02 02:58:46,20.8,55.411764705882355,34.78260869565217,39.76190476190476,42,22,230430.9411764706,137379.34782608695,150464.85714285713,210633,1,3.5,2.4059037638494464e-08,5.621108488993775e-08,0,2.333240003733184e-10,8.171673133074678e-08,0,1.611935522579097e-07,0.00003082470701171954,0.001580554477820887,3.351199285361919e-08,1.2800154660480247e-07,4.925802967881285e-08,1.3568790581710067e-07,1.7139314427422903e-08,1.611935522579097e-07,8.408996973454395e-08,3.1278748850046e-08,1.1327546898124074e-07,2.333240003733184e-10,6.639734410623576e-08,4.2358305667773296e-08,0.0015798152940549046,0.001579876158287002,3.054544484887271e-08,2.333240003733184e-10,1.7415303387864488e-07,1.2207511699532018e-07,4.569817207311708e-08,7.74502353239204e-08,0.001578145534178633,0.0015779408356999052,0.0015787661293548258,8.952975214324761e-09,5.133128008213005e-10,6.547738090476381e-08,9.660946895457517e-08,5.567777288908444e-08,0.0015789532752023252,46.1789918690216,70.67537465258862,77.56498231046683,77.33739767311951,46.48933455631341,0,0,0,0,0
2025-04-02 02:58:56,29.2,29.636363636363637,29.818181818181817,29.636363636363637,24.8,26.4,28.818181818181817,28.727272727272727,28.636363636363637,20,1,3.4,0,4.346158170790589e-08,0,2.3149526096130061e-10,6.853582554517134e-08,0,1.114418186267701e-07,0.00002134228889285738,0.0010931295116772823,4.444709010456971e-09,9.6189588004577e-08,2.744210964938389e-08,1.331560741049401e-07,0,1.114418186267701e-07,6.468639006290057e-08,3.1033593269440636e-08,6.376702316936855e-08,2.3149526096130061e-10,2.7719903962537455e-08,4.2026311089945825e-08,0.0010922413635732285,0.0010922685477310157,7.79808321923924e-09,0,1.1534416731154632e-07,9.985382727807872e-08,3.27995714030597e-08,7.607595690219655e-08,0.0010905414343446369,0.0010904090719685696,0.0010919583440813273,8.651308609639462e-09,5.092895741148613e-10,6.44747372528788e-08,4.9705339603547834e-08,5.227162992506167e-08,0.0010921147555079337,43.28605763428403,66.26184047641216,74.06181357995318,73.32388509005142,42.68605970324241,0,0,0,0,0
2025-04-02 02:59:06,0,0,0,0,0,0,0,0,0,0,1,3.4,0,1.4900574575687768e-08,0,0,3.999523393438716e-08,0,5.433976752191066e-08,0.000011165117695342491,0.0006143621481716841,0,5.288346969576614e-08,4.229883231392485e-09,8.697407789869461e-08,0,5.433976752191066e-08,5.0142981968385086e-08,3.1058860910318526e-08,2.7186432599888792e-08,2.3168374506844594e-10,4.50790372547462e-09,2.7464453093970923e-08,0.0006130590065401011,0.0006130768395689357,0,0,5.824529351020732e-08,6.386527921201047e-08,4.229883231392485e-09,5.7477427383694754e-08,0.0006102695673471549,0.0006102132814361744,0.0006112903063521062,8.658352529986494e-09,2.780204940821352e-10,3.7910080228771144e-08,2.623321947732147e-08,3.999523393438716e-08,0.0006113816228453411,41.84989410974707,62.57683500060263,69.49155460665645,69.2298421116066,40.741059591246405,0,0,0,0,0
2025-04-02 02:59:16,0,0,0,0,0,0,0,0,0,0,1,3.4,0,8.49248408492484e-09,0,0,1.147885211478852e-08,0,1.9691364196913638e-08,0.0000023689964336899644,0.00013431570842915708,0,1.11988801119888e-08,0,2.23977602239776e-08,0,1.9691364196913638e-08,4.9195080491950795e-09,4.9195080491950795e-09,2.4597540245975398e-09,0,0,2.4597540245975398e-09,0.0001320362230443622,0.0001320614538546145,0,0,1.11988801119888e-08,1.211878812118788e-08,0,2.0597940205979402e-08,0.00012238979435389794,0.00012237371596173714,0.0001291306602673066,2.4597540245975398e-09,0,2.4597540245975398e-09,2.4597540245975398e-09,1.11988801119888e-08,0.00012914431890144316,40.0161180335999,60.36685746561142,66.3732357985659,67.27557015821847,39.98167779086507,0,0,0,0,0
2025-04-02 02:59:26,0,0,0,0,0,0,0,0,0,0,1,3.3,,,,,,,,,,,,,,,,,,,,,,,,,,,,,,,,,,,,,,,37.78926424899053,56.02011013679169,64.75795077981952,62.916590518029125,37.62030047965021,0,0,0,0,0
,,,,,,,,,,,1,,,,,,,,,,,,,,,,,,,,,,,,,,,,,,,,,,,,,,,,,,,,,,,,,
,,,,,,,,,,,1,,,,,,,,,,,,,,,,,,,,,,,,,,,,,,,,,,,,,,,,,,,,,,,,,
,,,,,,,,,,,1,,,,,,,,,,,,,,,,,,,,,,,,,,,,,,,,,,,,,,,,,,,,,,,,,
,,,,,,,,,,,1,,,,,,,,,,,,,,,,,,,,,,,,,,,,,,,,,,,,,,,,,,,,,,,,,
,,,,,,,,,,,1,,,,,,,,,,,,,,,,,,,,,,,,,,,,,,,,,,,,,,,,,,,,,,,,,
,,,,,,,,,,,1,,,,,,,,,,,,,,,,,,,,,,,,,,,,,,,,,,,,,,,,,,,,,,,,,
,,,,,,,,,,,1,,,,,,,,,,,,,,,,,,,,,,,,,,,,,,,,,,,,,,,,,,,,,,,,,
,,,,,,,,,,,1,,,,,,,,,,,,,,,,,,,,,,,,,,,,,,,,,,,,,,,,,,,,,,,,,
,,,,,,,,,,,1,,,,,,,,,,,,,,,,,,,,,,,,,,,,,,,,,,,,,,,,,,,,,,,,,
,,,,,,,,,,,1,,,,,,,,,,,,,,,,,,,,,,,,,,,,,,,,,,,,,,,,,,,,,,,,,
,,,,,,,,,,,1,,,,,,,,,,,,,,,,,,,,,,,,,,,,,,,,,,,,,,,,,,,,,,,,,
,,,,,,,,,,,1,,,,,,,,,,,,,,,,,,,,,,,,,,,,,,,,,,,,,,,,,,,,,,,,,
,,,,,,,,,,,1,,,,,,,,,,,,,,,,,,,,,,,,,,,,,,,,,,,,,,,,,,,,,,,,,
,,,,,,,,,,,1,,,,,,,,,,,,,,,,,,,,,,,,,,,,,,,,,,,,,,,,,,,,,,,,,
,,,,,,,,,,,1,,,,,,,,,,,,,,,,,,,,,,,,,,,,,,,,,,,,,,,,,,,,,,,,,
,,,,,,,,,,,1,,,,,,,,,,,,,,,,,,,,,,,,,,,,,,,,,,,,,,,,,,,,,,,,,
,,,,,,,,,,,1,,,,,,,,,,,,,,,,,,,,,,,,,,,,,,,,,,,,,,,,,,,,,,,,,
,,,,,,,,,,,1,,,,,,,,,,,,,,,,,,,,,,,,,,,,,,,,,,,,,,,,,,,,,,,,,
,,,,,,,,,,,1,,,,,,,,,,,,,,,,,,,,,,,,,,,,,,,,,,,,,,,,,,,,,,,,,
,,,,,,,,,,,1,,,,,,,,,,,,,,,,,,,,,,,,,,,,,,,,,,,,,,,,,,,,,,,,,
,,,,,,,,,,,1,,,,,,,,,,,,,,,,,,,,,,,,,,,,,,,,,,,,,,,,,,,,,,,,,
,,,,,,,,,,,1,,,,,,,,,,,,,,,,,,,,,,,,,,,,,,,,,,,,,,,,,,,,,,,,,
,,,,,,,,,,,1,,,,,,,,,,,,,,,,,,,,,,,,,,,,,,,,,,,,,,,,,,,,,,,,,
,,,,,,,,,,,1,,,,,,,,,,,,,,,,,,,,,,,,,,,,,,,,,,,,,,,,,,,,,,,,,
,,,,,,,,,,,1,,,,,,,,,,,,,,,,,,,,,,,,,,,,,,,,,,,,,,,,,,,,,,,,,
,,,,,,,,,,,1,,,,,,,,,,,,,,,,,,,,,,,,,,,,,,,,,,,,,,,,,,,,,,,,,
,,,,,,,,,,,1,,,,,,,,,,,,,,,,,,,,,,,,,,,,,,,,,,,,,,,,,,,,,,,,,
,,,,,,,,,,,1,,,,,,,,,,,,,,,,,,,,,,,,,,,,,,,,,,,,,,,,,,,,,,,,,
,,,,,,,,,,,1,,,,,,,,,,,,,,,,,,,,,,,,,,,,,,,,,,,,,,,,,,,,,,,,,
,,,,,,,,,,,1,,,,,,,,,,,,,,,,,,,,,,,,,,,,,,,,,,,,,,,,,,,,,,,,,
,,,,,,,,,,,1,,,,,,,,,,,,,,,,,,,,,,,,,,,,,,,,,,,,,,,,,,,,,,,,,
,,,,,,,,,,,1,,,,,,,,,,,,,,,,,,,,,,,,,,,,,,,,,,,,,,,,,,,,,,,,,
,,,,,,,,,,,1,,,,,,,,,,,,,,,,,,,,,,,,,,,,,,,,,,,,,,,,,,,,,,,,,
,,,,,,,,,,,1,,,,,,,,,,,,,,,,,,,,,,,,,,,,,,,,,,,,,,,,,,,,,,,,,
,,,,,,,,,,,1,,,,,,,,,,,,,,,,,,,,,,,,,,,,,,,,,,,,,,,,,,,,,,,,,
,,,,,,,,,,,1,,,,,,,,,,,,,,,,,,,,,,,,,,,,,,,,,,,,,,,,,,,,,,,,,
,,,,,,,,,,,1,,,,,,,,,,,,,,,,,,,,,,,,,,,,,,,,,,,,,,,,,,,,,,,,,
,,,,,,,,,,,1,,,,,,,,,,,,,,,,,,,,,,,,,,,,,,,,,,,,,,,,,,,,,,,,,
,,,,,,,,,,,1,,,,,,,,,,,,,,,,,,,,,,,,,,,,,,,,,,,,,,,,,,,,,,,,,
,,,,,,,,,,,1,,,,,,,,,,,,,,,,,,,,,,,,,,,,,,,,,,,,,,,,,,,,,,,,,
,,,,,,,,,,,1,,,,,,,,,,,,,,,,,,,,,,,,,,,,,,,,,,,,,,,,,,,,,,,,,
,,,,,,,,,,,1,,,,,,,,,,,,,,,,,,,,,,,,,,,,,,,,,,,,,,,,,,,,,,,,,
,,,,,,,,,,,1,,,,,,,,,,,,,,,,,,,,,,,,,,,,,,,,,,,,,,,,,,,,,,,,,
,,,,,,,,,,,1,,,,,,,,,,,,,,,,,,,,,,,,,,,,,,,,,,,,,,,,,,,,,,,,,
,,,,,,,,,,,1,,,,,,,,,,,,,,,,,,,,,,,,,,,,,,,,,,,,,,,,,,,,,,,,,
,,,,,,,,,,,1,,,,,,,,,,,,,,,,,,,,,,,,,,,,,,,,,,,,,,,,,,,,,,,,,
,,,,,,,,,,,1,,,,,,,,,,,,,,,,,,,,,,,,,,,,,,,,,,,,,,,,,,,,,,,,,
,,,,,,,,,,,1,,,,,,,,,,,,,,,,,,,,,,,,,,,,,,,,,,,,,,,,,,,,,,,,,
,,,,,,,,,,,1,,,,,,,,,,,,,,,,,,,,,,,,,,,,,,,,,,,,,,,,,,,,,,,,,
,,,,,,,,,,,1,,,,,,,,,,,,,,,,,,,,,,,,,,,,,,,,,,,,,,,,,,,,,,,,,
,,,,,,,,,,,1,,,,,,,,,,,,,,,,,,,,,,,,,,,,,,,,,,,,,,,,,,,,,,,,,
,,,,,,,,,,,1,,,,,,,,,,,,,,,,,,,,,,,,,,,,,,,,,,,,,,,,,,,,,,,,,
,,,,,,,,,,,1,,,,,,,,,,,,,,,,,,,,,,,,,,,,,,,,,,,,,,,,,,,,,,,,,
,,,,,,,,,,,1,,,,,,,,,,,,,,,,,,,,,,,,,,,,,,,,,,,,,,,,,,,,,,,,,
,,,,,,,,,,,1,,,,,,,,,,,,,,,,,,,,,,,,,,,,,,,,,,,,,,,,,,,,,,,,,
,,,,,,,,,,,1,,,,,,,,,,,,,,,,,,,,,,,,,,,,,,,,,,,,,,,,,,,,,,,,,
,,,,,,,,,,,1,,,,,,,,,,,,,,,,,,,,,,,,,,,,,,,,,,,,,,,,,,,,,,,,,
,,,,,,,,,,,1,,,,,,,,,,,,,,,,,,,,,,,,,,,,,,,,,,,,,,,,,,,,,,,,,
,,,,,,,,,,,1,,,,,,,,,,,,,,,,,,,,,,,,,,,,,,,,,,,,,,,,,,,,,,,,,
,,,,,,,,,,,1,,,,,,,,,,,,,,,,,,,,,,,,,,,,,,,,,,,,,,,,,,,,,,,,,
,,,,,,,,,,,1,,,,,,,,,,,,,,,,,,,,,,,,,,,,,,,,,,,,,,,,,,,,,,,,,
,,,,,,,,,,,1,,,,,,,,,,,,,,,,,,,,,,,,,,,,,,,,,,,,,,,,,,,,,,,,,
,,,,,,,,,,,1,,,,,,,,,,,,,,,,,,,,,,,,,,,,,,,,,,,,,,,,,,,,,,,,,
,,,,,,,,,,,1,,,,,,,,,,,,,,,,,,,,,,,,,,,,,,,,,,,,,,,,,,,,,,,,,
,,,,,,,,,,,1,,,,,,,,,,,,,,,,,,,,,,,,,,,,,,,,,,,,,,,,,,,,,,,,,
,,,,,,,,,,,1,,,,,,,,,,,,,,,,,,,,,,,,,,,,,,,,,,,,,,,,,,,,,,,,,
,,,,,,,,,,,1,,,,,,,,,,,,,,,,,,,,,,,,,,,,,,,,,,,,,,,,,,,,,,,,,
,,,,,,,,,,,1,,,,,,,,,,,,,,,,,,,,,,,,,,,,,,,,,,,,,,,,,,,,,,,,,
,,,,,,,,,,,1,,,,,,,,,,,,,,,,,,,,,,,,,,,,,,,,,,,,,,,,,,,,,,,,,
,,,,,,,,,,,1,,,,,,,,,,,,,,,,,,,,,,,,,,,,,,,,,,,,,,,,,,,,,,,,,
,,,,,,,,,,,1,,,,,,,,,,,,,,,,,,,,,,,,,,,,,,,,,,,,,,,,,,,,,,,,,
,,,,,,,,,,,1,,,,,,,,,,,,,,,,,,,,,,,,,,,,,,,,,,,,,,,,,,,,,,,,,
,,,,,,,,,,,1,,,,,,,,,,,,,,,,,,,,,,,,,,,,,,,,,,,,,,,,,,,,,,,,,
,,,,,,,,,,,1,,,,,,,,,,,,,,,,,,,,,,,,,,,,,,,,,,,,,,,,,,,,,,,,,
,,,,,,,,,,,1,,,,,,,,,,,,,,,,,,,,,,,,,,,,,,,,,,,,,,,,,,,,,,,,,
,,,,,,,,,,,1,,,,,,,,,,,,,,,,,,,,,,,,,,,,,,,,,,,,,,,,,,,,,,,,,
,,,,,,,,,,,1,,,,,,,,,,,,,,,,,,,,,,,,,,,,,,,,,,,,,,,,,,,,,,,,,
,,,,,,,,,,,1,,,,,,,,,,,,,,,,,,,,,,,,,,,,,,,,,,,,,,,,,,,,,,,,,
,,,,,,,,,,,1,,,,,,,,,,,,,,,,,,,,,,,,,,,,,,,,,,,,,,,,,,,,,,,,,
,,,,,,,,,,,1,,,,,,,,,,,,,,,,,,,,,,,,,,,,,,,,,,,,,,,,,,,,,,,,,
,,,,,,,,,,,1,,,,,,,,,,,,,,,,,,,,,,,,,,,,,,,,,,,,,,,,,,,,,,,,,
,,,,,,,,,,,1,,,,,,,,,,,,,,,,,,,,,,,,,,,,,,,,,,,,,,,,,,,,,,,,,
,,,,,,,,,,,1,,,,,,,,,,,,,,,,,,,,,,,,,,,,,,,,,,,,,,,,,,,,,,,,,
,,,,,,,,,,,1,,,,,,,,,,,,,,,,,,,,,,,,,,,,,,,,,,,,,,,,,,,,,,,,,
,,,,,,,,,,,1,,,,,,,,,,,,,,,,,,,,,,,,,,,,,,,,,,,,,,,,,,,,,,,,,
,,,,,,,,,,,1,,,,,,,,,,,,,,,,,,,,,,,,,,,,,,,,,,,,,,,,,,,,,,,,,
,,,,,,,,,,,1,,,,,,,,,,,,,,,,,,,,,,,,,,,,,,,,,,,,,,,,,,,,,,,,,
,,,,,,,,,,,1,,,,,,,,,,,,,,,,,,,,,,,,,,,,,,,,,,,,,,,,,,,,,,,,,
,,,,,,,,,,,1,,,,,,,,,,,,,,,,,,,,,,,,,,,,,,,,,,,,,,,,,,,,,,,,,
,,,,,,,,,,,1,,,,,,,,,,,,,,,,,,,,,,,,,,,,,,,,,,,,,,,,,,,,,,,,,
,,,,,,,,,,,1,,,,,,,,,,,,,,,,,,,,,,,,,,,,,,,,,,,,,,,,,,,,,,,,,
,,,,,,,,,,,1,,,,,,,,,,,,,,,,,,,,,,,,,,,,,,,,,,,,,,,,,,,,,,,,,
,,,,,,,,,,,1,,,,,,,,,,,,,,,,,,,,,,,,,,,,,,,,,,,,,,,,,,,,,,,,,
,,,,,,,,,,,1,,,,,,,,,,,,,,,,,,,,,,,,,,,,,,,,,,,,,,,,,,,,,,,,,
,,,,,,,,,,,1,,,,,,,,,,,,,,,,,,,,,,,,,,,,,,,,,,,,,,,,,,,,,,,,,
,,,,,,,,,,,1,,,,,,,,,,,,,,,,,,,,,,,,,,,,,,,,,,,,,,,,,,,,,,,,,
,,,,,,,,,,,1,,,,,,,,,,,,,,,,,,,,,,,,,,,,,,,,,,,,,,,,,,,,,,,,,
,,,,,,,,,,,1,,,,,,,,,,,,,,,,,,,,,,,,,,,,,,,,,,,,,,,,,,,,,,,,,
,,,,,,,,,,,1,,,,,,,,,,,,,,,,,,,,,,,,,,,,,,,,,,,,,,,,,,,,,,,,,
,,,,,,,,,,,1,,,,,,,,,,,,,,,,,,,,,,,,,,,,,,,,,,,,,,,,,,,,,,,,,
,,,,,,,,,,,1,,,,,,,,,,,,,,,,,,,,,,,,,,,,,,,,,,,,,,,,,,,,,,,,,
,,,,,,,,,,,1,,,,,,,,,,,,,,,,,,,,,,,,,,,,,,,,,,,,,,,,,,,,,,,,,
,,,,,,,,,,,1,,,,,,,,,,,,,,,,,,,,,,,,,,,,,,,,,,,,,,,,,,,,,,,,,
,,,,,,,,,,,1,,,,,,,,,,,,,,,,,,,,,,,,,,,,,,,,,,,,,,,,,,,,,,,,,
,,,,,,,,,,,1,,,,,,,,,,,,,,,,,,,,,,,,,,,,,,,,,,,,,,,,,,,,,,,,,
,,,,,,,,,,,1,,,,,,,,,,,,,,,,,,,,,,,,,,,,,,,,,,,,,,,,,,,,,,,,,
,,,,,,,,,,,1,,,,,,,,,,,,,,,,,,,,,,,,,,,,,,,,,,,,,,,,,,,,,,,,,
,,,,,,,,,,,1,,,,,,,,,,,,,,,,,,,,,,,,,,,,,,,,,,,,,,,,,,,,,,,,,
,,,,,,,,,,,1,,,,,,,,,,,,,,,,,,,,,,,,,,,,,,,,,,,,,,,,,,,,,,,,,
,,,,,,,,,,,1,,,,,,,,,,,,,,,,,,,,,,,,,,,,,,,,,,,,,,,,,,,,,,,,,
,,,,,,,,,,,1,,,,,,,,,,,,,,,,,,,,,,,,,,,,,,,,,,,,,,,,,,,,,,,,,
,,,,,,,,,,,1,,,,,,,,,,,,,,,,,,,,,,,,,,,,,,,,,,,,,,,,,,,,,,,,,
,,,,,,,,,,,1,,,,,,,,,,,,,,,,,,,,,,,,,,,,,,,,,,,,,,,,,,,,,,,,,
,,,,,,,,,,,1,,,,,,,,,,,,,,,,,,,,,,,,,,,,,,,,,,,,,,,,,,,,,,,,,
,,,,,,,,,,,1,,,,,,,,,,,,,,,,,,,,,,,,,,,,,,,,,,,,,,,,,,,,,,,,,
,,,,,,,,,,,1,,,,,,,,,,,,,,,,,,,,,,,,,,,,,,,,,,,,,,,,,,,,,,,,,
,,,,,,,,,,,1,,,,,,,,,,,,,,,,,,,,,,,,,,,,,,,,,,,,,,,,,,,,,,,,,
,,,,,,,,,,,1,,,,,,,,,,,,,,,,,,,,,,,,,,,,,,,,,,,,,,,,,,,,,,,,,
,,,,,,,,,,,1,,,,,,,,,,,,,,,,,,,,,,,,,,,,,,,,,,,,,,,,,,,,,,,,,
,,,,,,,,,,,1,,,,,,,,,,,,,,,,,,,,,,,,,,,,,,,,,,,,,,,,,,,,,,,,,
,,,,,,,,,,,1,,,,,,,,,,,,,,,,,,,,,,,,,,,,,,,,,,,,,,,,,,,,,,,,,
,,,,,,,,,,,1,,,,,,,,,,,,,,,,,,,,,,,,,,,,,,,,,,,,,,,,,,,,,,,,,
,,,,,,,,,,,1,,,,,,,,,,,,,,,,,,,,,,,,,,,,,,,,,,,,,,,,,,,,,,,,,
,,,,,,,,,,,1,,,,,,,,,,,,,,,,,,,,,,,,,,,,,,,,,,,,,,,,,,,,,,,,,
,,,,,,,,,,,1,,,,,,,,,,,,,,,,,,,,,,,,,,,,,,,,,,,,,,,,,,,,,,,,,
,,,,,,,,,,,1,,,,,,,,,,,,,,,,,,,,,,,,,,,,,,,,,,,,,,,,,,,,,,,,,
,,,,,,,,,,,1,,,,,,,,,,,,,,,,,,,,,,,,,,,,,,,,,,,,,,,,,,,,,,,,,
,,,,,,,,,,,1,,,,,,,,,,,,,,,,,,,,,,,,,,,,,,,,,,,,,,,,,,,,,,,,,
,,,,,,,,,,,1,,,,,,,,,,,,,,,,,,,,,,,,,,,,,,,,,,,,,,,,,,,,,,,,,
,,,,,,,,,,,1,,,,,,,,,,,,,,,,,,,,,,,,,,,,,,,,,,,,,,,,,,,,,,,,,
,,,,,,,,,,,1,,,,,,,,,,,,,,,,,,,,,,,,,,,,,,,,,,,,,,,,,,,,,,,,,
,,,,,,,,,,,1,,,,,,,,,,,,,,,,,,,,,,,,,,,,,,,,,,,,,,,,,,,,,,,,,
,,,,,,,,,,,1,,,,,,,,,,,,,,,,,,,,,,,,,,,,,,,,,,,,,,,,,,,,,,,,,
,,,,,,,,,,,1,,,,,,,,,,,,,,,,,,,,,,,,,,,,,,,,,,,,,,,,,,,,,,,,,
,,,,,,,,,,,1,,,,,,,,,,,,,,,,,,,,,,,,,,,,,,,,,,,,,,,,,,,,,,,,,
,,,,,,,,,,,1,,,,,,,,,,,,,,,,,,,,,,,,,,,,,,,,,,,,,,,,,,,,,,,,,
,,,,,,,,,,,1,,,,,,,,,,,,,,,,,,,,,,,,,,,,,,,,,,,,,,,,,,,,,,,,,
,,,,,,,,,,,1,,,,,,,,,,,,,,,,,,,,,,,,,,,,,,,,,,,,,,,,,,,,,,,,,
,,,,,,,,,,,1,,,,,,,,,,,,,,,,,,,,,,,,,,,,,,,,,,,,,,,,,,,,,,,,,
,,,,,,,,,,,1,,,,,,,,,,,,,,,,,,,,,,,,,,,,,,,,,,,,,,,,,,,,,,,,,
