timestamp,Asymmetric Traffic Volume - s1-eth1,Asymmetric Traffic Volume - s1-eth10,Asymmetric Traffic Volume - s1-eth2,Asymmetric Traffic Volume - s1-eth3,Asymmetric Traffic Volume - s1-eth4,Asymmetric Traffic Volume - s1-eth5,Asymmetric Traffic Volume - s1-eth6,Asymmetric Traffic Volume - s1-eth7,Asymmetric Traffic Volume - s1-eth8,Asymmetric Traffic Volume - s1-eth9,Asymmetric Traffic Volume - s10-eth1,Asymmetric Traffic Volume - s10-eth2,Asymmetric Traffic Volume - s10-eth3,Asymmetric Traffic Volume - s10-eth4,Asymmetric Traffic Volume - s10-eth5,Asymmetric Traffic Volume - s2-eth1,Asymmetric Traffic Volume - s2-eth2,Asymmetric Traffic Volume - s2-eth3,Asymmetric Traffic Volume - s2-eth4,Asymmetric Traffic Volume - s2-eth5,Asymmetric Traffic Volume - s3-eth1,Asymmetric Traffic Volume - s3-eth2,Asymmetric Traffic Volume - s3-eth3,Asymmetric Traffic Volume - s3-eth4,Asymmetric Traffic Volume - s4-eth1,Asymmetric Traffic Volume - s4-eth2,Asymmetric Traffic Volume - s4-eth3,Asymmetric Traffic Volume - s4-eth4,Asymmetric Traffic Volume - s4-eth5,Asymmetric Traffic Volume - s4-eth6,Asymmetric Traffic Volume - s4-eth7,Asymmetric Traffic Volume - s5-eth1,Asymmetric Traffic Volume - s5-eth2,Asymmetric Traffic Volume - s6-eth1,Asymmetric Traffic Volume - s6-eth2,Asymmetric Traffic Volume - s6-eth3,Asymmetric Traffic Volume - s6-eth4,Asymmetric Traffic Volume - s6-eth5,Asymmetric Traffic Volume - s6-eth6,Asymmetric Traffic Volume - s6-eth7,Asymmetric Traffic Volume - s6-eth8,Asymmetric Traffic Volume - s6-eth9,Asymmetric Traffic Volume - s7-eth1,Asymmetric Traffic Volume - s7-eth2,Asymmetric Traffic Volume - s7-eth3,Asymmetric Traffic Volume - s7-eth4,Asymmetric Traffic Volume - s7-eth5,Asymmetric Traffic Volume - s7-eth6,Asymmetric Traffic Volume - s7-eth7,Asymmetric Traffic Volume - s7-eth8,Asymmetric Traffic Volume - s7-eth9,Asymmetric Traffic Volume - s8-eth1,Asymmetric Traffic Volume - s8-eth2,Asymmetric Traffic Volume - s8-eth3,Asymmetric Traffic Volume - s8-eth4,Asymmetric Traffic Volume - s8-eth5,Asymmetric Traffic Volume - s9-eth1,Asymmetric Traffic Volume - s9-eth2,Asymmetric Traffic Volume - s9-eth3,Asymmetric Traffic Volume - s9-eth4,Asymmetric Traffic Volume - s9-eth5,Asymmetric Traffic Volume - s9-eth6,Average Flow Duration - s1,Average Flow Duration - s10,Average Flow Duration - s2,Average Flow Duration - s3,Average Flow Duration - s4,Average Flow Duration - s5,Average Flow Duration - s6,Average Flow Duration - s7,Average Flow Duration - s8,Average Flow Duration - s9,Average Packets Per Flow - s1,Average Packets Per Flow - s10,Average Packets Per Flow - s2,Average Packets Per Flow - s3,Average Packets Per Flow - s4,Average Packets Per Flow - s5,Average Packets Per Flow - s6,Average Packets Per Flow - s7,Average Packets Per Flow - s8,Average Packets Per Flow - s9,Bridge Controller Status,CPU Utilization,Database Space Utilization,Flow Stablity Index - s1,Flow Stablity Index - s10,Flow Stablity Index - s2,Flow Stablity Index - s3,Flow Stablity Index - s4,Flow Stablity Index - s5,Flow Stablity Index - s6,Flow Stablity Index - s7,Flow Stablity Index - s8,Flow Stablity Index - s9,Interface Utilization Percentage - s1-eth1,Interface Utilization Percentage - s1-eth10,Interface Utilization Percentage - s1-eth2,Interface Utilization Percentage - s1-eth3,Interface Utilization Percentage - s1-eth4,Interface Utilization Percentage - s1-eth5,Interface Utilization Percentage - s1-eth6,Interface Utilization Percentage - s1-eth7,Interface Utilization Percentage - s1-eth8,Interface Utilization Percentage - s1-eth9,Interface Utilization Percentage - s10-eth1,Interface Utilization Percentage - s10-eth2,Interface Utilization Percentage - s10-eth3,Interface Utilization Percentage - s10-eth4,Interface Utilization Percentage - s10-eth5,Interface Utilization Percentage - s2-eth1,Interface Utilization Percentage - s2-eth2,Interface Utilization Percentage - s2-eth3,Interface Utilization Percentage - s2-eth4,Interface Utilization Percentage - s2-eth5,Interface Utilization Percentage - s3-eth1,Interface Utilization Percentage - s3-eth2,Interface Utilization Percentage - s3-eth3,Interface Utilization Percentage - s3-eth4,Interface Utilization Percentage - s4-eth1,Interface Utilization Percentage - s4-eth2,Interface Utilization Percentage - s4-eth3,Interface Utilization Percentage - s4-eth4,Interface Utilization Percentage - s4-eth5,Interface Utilization Percentage - s4-eth6,Interface Utilization Percentage - s4-eth7,Interface Utilization Percentage - s5-eth1,Interface Utilization Percentage - s5-eth2,Interface Utilization Percentage - s6-eth1,Interface Utilization Percentage - s6-eth2,Interface Utilization Percentage - s6-eth3,Interface Utilization Percentage - s6-eth4,Interface Utilization Percentage - s6-eth5,Interface Utilization Percentage - s6-eth6,Interface Utilization Percentage - s6-eth7,Interface Utilization Percentage - s6-eth8,Interface Utilization Percentage - s6-eth9,Interface Utilization Percentage - s7-eth1,Interface Utilization Percentage - s7-eth2,Interface Utilization Percentage - s7-eth3,Interface Utilization Percentage - s7-eth4,Interface Utilization Percentage - s7-eth5,Interface Utilization Percentage - s7-eth6,Interface Utilization Percentage - s7-eth7,Interface Utilization Percentage - s7-eth8,Interface Utilization Percentage - s7-eth9,Interface Utilization Percentage - s8-eth1,Interface Utilization Percentage - s8-eth2,Interface Utilization Percentage - s8-eth3,Interface Utilization Percentage - s8-eth4,Interface Utilization Percentage - s8-eth5,Interface Utilization Percentage - s9-eth1,Interface Utilization Percentage - s9-eth2,Interface Utilization Percentage - s9-eth3,Interface Utilization Percentage - s9-eth4,Interface Utilization Percentage - s9-eth5,Interface Utilization Percentage - s9-eth6,Memory Per Bridge,Rate of Packet in Messages - s1,Rate of Packet in Messages - s10,Rate of Packet in Messages - s2,Rate of Packet in Messages - s3,Rate of Packet in Messages - s4,Rate of Packet in Messages - s5,Rate of Packet in Messages - s6,Rate of Packet in Messages - s7,Rate of Packet in Messages - s8,Rate of Packet in Messages - s9,Rate of Port Flapping - s1,Rate of Port Flapping - s10,Rate of Port Flapping - s2,Rate of Port Flapping - s3,Rate of Port Flapping - s4,Rate of Port Flapping - s5,Rate of Port Flapping - s6,Rate of Port Flapping - s7,Rate of Port Flapping - s8,Rate of Port Flapping - s9,Resource Utilization
2025-03-26 05:18:50,NaN,NaN,NaN,NaN,NaN,NaN,NaN,NaN,NaN,NaN,NaN,NaN,NaN,NaN,0,NaN,NaN,NaN,NaN,NaN,NaN,NaN,NaN,NaN,NaN,NaN,NaN,NaN,NaN,NaN,NaN,43.31983805668017,43.31983805668017,43.31983805668017,43.31983805668017,60.451977401129945,60.451977401129945,0,0,0,0,0,43.31983805668017,43.31983805668017,60.451977401129945,43.31983805668017,60.451977401129945,96.87465610212391,0,0,0,NaN,NaN,NaN,NaN,NaN,NaN,NaN,NaN,NaN,NaN,NaN,0,0,0,0,0,0,0,0,0,0,0,0,0,0,0,0,0,9,0,1,1,0.5,81.6001068064481,1,1,1,1,1,1,1,1,1,1,0,1.9943966666666668e-09,1.3915705555555553e-09,1.3915705555555553e-09,1.3915705555555553e-09,1.3915705555555553e-09,1.3915705555555553e-09,1.3915705555555553e-09,1.9943966666666668e-09,1.9943966666666668e-09,1.3915705555555553e-09,1.3915705555555553e-09,1.3915705555555553e-09,1.9943966666666668e-09,1.9943966666666668e-09,1.3915705555555553e-09,1.3915705555555553e-09,1.9943966666666668e-09,1.9943966666666668e-09,1.9943966666666668e-09,1.3915705555555553e-09,1.3915705555555553e-09,1.9943966666666668e-09,1.9943966666666668e-09,1.3915705555555553e-09,1.3915705555555553e-09,1.3915705555555553e-09,1.3915705555555553e-09,1.3915705555555553e-09,1.9943966666666668e-09,1.9943966666666668e-09,1.3915705555555553e-09,1.3915705555555553e-09,1.3915705555555553e-09,1.3915705555555553e-09,1.3915705555555553e-09,1.3915705555555553e-09,1.9943966666666668e-09,1.9943966666666668e-09,1.9943966666666668e-09,1.9943966666666668e-09,1.9943966666666668e-09,1.3915705555555553e-09,1.3915705555555553e-09,1.3915705555555553e-09,1.3915705555555553e-09,1.3915705555555553e-09,1.0312838166666665e-07,1.9943966666666668e-09,1.9943966666666668e-09,1.9943966666666668e-09,1.3915705555555553e-09,1.9943966666666668e-09,1.9943966666666668e-09,1.9943966666666668e-09,1.9943966666666668e-09,1.3915705555555553e-09,1.9943966666666668e-09,1.9943966666666668e-09,1.9943966666666668e-09,1.9943966666666668e-09,1.9943966666666668e-09,0.85196,5.7460320000000005,2.8730160000000002,3.4180740000000003,2.516436,3.5861760000000005,0.71316,6.291176666666667,99.38742066666666,3.9631320000000003,5.2214366666666665,0,0,0,0,0,0,0,0,0,0,2.125353868076185
2025-03-26 05:19:00,43.31983805668016,0,43.31983805668016,43.31983805668016,43.31983805668016,43.31983805668016,43.31983805668016,0,0,0,43.31983805668016,60.451977401129945,60.451977401129945,0,0,43.31983805668016,43.31983805668016,0,0,0,33.9622641509434,33.9622641509434,0,0,43.31983805668016,43.31983805668016,43.31983805668016,43.31983805668016,11.67192429022082,0,0,43.31983805668016,43.31983805668016,43.31983805668016,43.31983805668016,60.451977401129945,60.451977401129945,0,0,0,0,0,43.31983805668016,43.31983805668016,60.451977401129945,43.31983805668016,60.451977401129945,96.87465610212391,0,0,0,43.31983805668016,0,0,0,0,60.451977401129945,0,0,0,0,0,11,11,11,11,11,11,10,11,11,11,14,7,8,6,9,2,15,326,9,12,1,0.8,81.60059548895225,1,1,1,1,1,1,1,1,1,1,0,1.4888028515240906e-09,2.0775949396974597e-09,1.783198895610775e-09,1.783198895610775e-09,1.6275895580220987e-09,1.6275895580220987e-09,1.6275895580220987e-09,2.0775949396974597e-09,1.783198895610775e-09,1.6275895580220987e-09,1.3331935139354143e-09,1.6275895580220987e-09,1.4888028515240906e-09,1.783198895610775e-09,1.4888028515240906e-09,1.783198895610775e-09,1.783198895610775e-09,2.0775949396974597e-09,2.0775949396974597e-09,1.3331935139354143e-09,1.3331935139354143e-09,2.0775949396974597e-09,1.783198895610775e-09,2.0775949396974597e-09,1.6275895580220987e-09,1.783198895610775e-09,1.3331935139354143e-09,1.0387974698487298e-09,2.0775949396974597e-09,2.0775949396974597e-09,1.783198895610775e-09,2.0775949396974597e-09,2.0775949396974597e-09,1.6275895580220987e-09,1.3331935139354143e-09,1.6275895580220987e-09,1.4888028515240906e-09,2.0775949396974597e-09,1.783198895610775e-09,2.0775949396974597e-09,2.0775949396974597e-09,2.0775949396974597e-09,1.783198895610775e-09,1.3331935139354143e-09,1.3331935139354143e-09,1.3331935139354143e-09,1.578030244321117e-07,2.0775949396974597e-09,2.0775949396974597e-09,1.4888028515240906e-09,1.783198895610775e-09,1.783198895610775e-09,1.783198895610775e-09,1.783198895610775e-09,1.4888028515240906e-09,1.3331935139354143e-09,2.0775949396974597e-09,2.0775949396974597e-09,2.0775949396974597e-09,1.4888028515240906e-09,2.0775949396974597e-09,0.85324,6.522429878506075,3.2612149392530374,3.4171128110261155,2.671331100111661,4.146040697965102,1.1797676782827526,7.329936336516506,163.86209172874686,3.867952602369882,5.855226738663068,0,0,0,0,0,0,0,0,0,0,2.1285470378859617
2025-03-26 05:19:10,43.31983805668017,0,66.9811320754717,43.31983805668017,43.31983805668017,43.31983805668017,43.31983805668017,0,0,0,43.31983805668017,53.41098169717139,53.41098169717139,0.40268456375838924,-13.12883435582822,43.31983805668017,66.9811320754717,0,13.12883435582822,0,37.40685543964232,53.41098169717139,0,-13.12883435582822,43.31983805668017,43.31983805668017,43.31983805668017,43.31983805668017,25.53191489361702,0,13.12883435582822,43.31983805668017,43.31983805668017,43.31983805668017,43.31983805668017,53.41098169717139,53.41098169717139,0.40268456375838924,0,10.971786833855798,13.12883435582822,13.12883435582822,43.31983805668017,43.31983805668017,53.41098169717139,66.9811320754717,73.63465160075329,97.97545069278233,0,0,0,66.9811320754717,0,0,0,0,53.41098169717139,0,0,13.12883435582822,0,13.12883435582822,21,22,21,21,21,22,22,22,21,21,21,10,11,8,13,4,22,646,12,17,1,1,81.60110371875658,1,1,1,1,1,1,1,1,1,1,0,2.6407088888888887e-09,1.8425285185185181e-09,1.8425285185185181e-09,1.8425285185185181e-09,1.8425285185185181e-09,1.8425285185185181e-09,1.8425285185185181e-09,2.6407088888888887e-09,2.6407088888888887e-09,1.8425285185185181e-09,1.8425285185185181e-09,1.8425285185185181e-09,2.6407088888888887e-09,2.6407088888888887e-09,1.8425285185185181e-09,1.8425285185185181e-09,2.6407088888888887e-09,2.6407088888888887e-09,2.6407088888888887e-09,1.8425285185185181e-09,1.8425285185185181e-09,2.6407088888888887e-09,2.6407088888888887e-09,1.8425285185185181e-09,1.8425285185185181e-09,1.8425285185185181e-09,1.8425285185185181e-09,1.8425285185185181e-09,2.6407088888888887e-09,2.6407088888888887e-09,1.8425285185185181e-09,1.8425285185185181e-09,1.8425285185185181e-09,1.8425285185185181e-09,1.8425285185185181e-09,1.8425285185185181e-09,2.6407088888888887e-09,2.6407088888888887e-09,2.6407088888888887e-09,2.6407088888888887e-09,2.6407088888888887e-09,1.8425285185185181e-09,1.8425285185185181e-09,1.8425285185185181e-09,1.8425285185185181e-09,1.8425285185185181e-09,2.1706233592592595e-07,2.6407088888888887e-09,2.6407088888888887e-09,2.6407088888888887e-09,1.8425285185185181e-09,2.6407088888888887e-09,2.6407088888888887e-09,2.6407088888888887e-09,2.6407088888888887e-09,1.8425285185185181e-09,2.6407088888888887e-09,2.6407088888888887e-09,2.6407088888888887e-09,2.6407088888888887e-09,2.6407088888888887e-09,0.85324,8.844021333333332,4.422010666666666,5.260938222222221,3.873179555555555,5.519672888888888,1.097662222222222,9.490784444444445,231.948676,6.099865777777777,7.8442911111111115,0,0,0,0,0,0,0,0,0,0,2.1285470378859617
2025-03-26 05:19:20,43.31983805668016,0,43.31983805668016,43.31983805668016,43.31983805668016,43.31983805668016,43.31983805668016,0,0,0,43.31983805668016,53.41098169717138,53.41098169717138,0,0,43.31983805668016,43.31983805668016,0,0,0,37.40685543964232,37.40685543964232,0,0,43.31983805668016,43.31983805668016,43.31983805668016,43.31983805668016,25.53191489361702,0,0,43.31983805668016,43.31983805668016,43.31983805668016,43.31983805668016,53.41098169717138,53.41098169717138,0,0,0,0,0,43.31983805668016,43.31983805668016,53.41098169717138,43.31983805668016,53.41098169717138,98.60685090887112,0,0,0,43.31983805668016,0,0,0,0,53.41098169717138,0,0,0,0,0,32,32,32,32,32,32,32,32,32,32,28,14,16,12,18,4,29,1025,18,23,1,1.2,81.60163149586106,1,1,1,1,1,1,1,1,1,1,0,2.4720870206489677e-09,1.7248742771194776e-09,1.7248742771194776e-09,1.7248742771194776e-09,1.7248742771194776e-09,1.7248742771194776e-09,1.7248742771194776e-09,2.4720870206489677e-09,2.4720870206489677e-09,1.7248742771194776e-09,1.7248742771194776e-09,1.7248742771194776e-09,2.4720870206489677e-09,2.4720870206489677e-09,1.7248742771194776e-09,1.7248742771194776e-09,2.4720870206489677e-09,2.4720870206489677e-09,2.4720870206489677e-09,1.7248742771194776e-09,1.7248742771194776e-09,2.4720870206489677e-09,2.4720870206489677e-09,1.7248742771194776e-09,1.7248742771194776e-09,1.7248742771194776e-09,1.7248742771194776e-09,1.7248742771194776e-09,2.4720870206489677e-09,2.4720870206489677e-09,1.7248742771194776e-09,1.7248742771194776e-09,1.7248742771194776e-09,1.7248742771194776e-09,1.7248742771194776e-09,1.7248742771194776e-09,2.4720870206489677e-09,2.4720870206489677e-09,2.4720870206489677e-09,2.4720870206489677e-09,2.4720870206489677e-09,1.7248742771194776e-09,1.7248742771194776e-09,1.7248742771194776e-09,1.7248742771194776e-09,1.7248742771194776e-09,2.707715843374498e-07,2.4720870206489677e-09,2.4720870206489677e-09,2.4720870206489677e-09,1.7248742771194776e-09,2.4720870206489677e-09,2.4720870206489677e-09,2.4720870206489677e-09,2.4720870206489677e-09,1.7248742771194776e-09,2.4720870206489677e-09,2.4720870206489677e-09,2.4720870206489677e-09,2.4720870206489677e-09,2.4720870206489677e-09,0.85324,8.512590370481476,4.256295185240738,5.0637838108094595,3.728031598420079,5.312822358882055,1.0565271736413178,9.148482075896204,300.12381530923454,5.871272436378181,7.5636913154342285,0,0,0,0,0,0,0,0,0,0,2.1285470378859617
2025-03-26 05:19:30,43.31983805668016,7.056451612903227,43.31983805668016,43.31983805668016,50.35460992907802,25.531914893617024,43.31983805668016,7.056451612903227,7.056451612903227,0,43.31983805668016,53.41098169717138,53.41098169717138,0,0,43.31983805668016,43.31983805668016,0,7.056451612903227,7.056451612903227,37.40685543964232,43.31983805668016,0,0,43.31983805668016,43.31983805668016,43.31983805668016,43.31983805668016,25.531914893617024,0,0,43.31983805668016,43.31983805668016,43.31983805668016,43.31983805668016,53.41098169717138,53.41098169717138,0,0,0,0,0,43.31983805668016,43.31983805668016,53.41098169717138,43.31983805668016,53.41098169717138,98.7536820363568,0,0,0,43.31983805668016,7.056451612903227,0,0,0,53.41098169717138,0,0,0,0,0,32,42,32,32,32,42,42,42,32,42,28,14,16,12,18,4,29,1357,18,23,1,1.4,81.60215927296554,1,1,1,1,1,1,1,1,1,1,0,2.359952800943981e-09,1.879962400751985e-09,1.6466337339919867e-09,1.6466337339919867e-09,1.879962400751985e-09,2.113291067511983e-09,1.879962400751985e-09,2.593281467703979e-09,2.593281467703979e-09,1.879962400751985e-09,2.113291067511983e-09,1.879962400751985e-09,2.359952800943981e-09,2.593281467703979e-09,1.6466337339919867e-09,1.6466337339919867e-09,2.593281467703979e-09,2.593281467703979e-09,2.593281467703979e-09,1.879962400751985e-09,1.879962400751985e-09,2.593281467703979e-09,2.593281467703979e-09,2.113291067511983e-09,2.113291067511983e-09,1.879962400751985e-09,1.6466337339919867e-09,1.6466337339919867e-09,2.593281467703979e-09,2.593281467703979e-09,1.879962400751985e-09,2.113291067511983e-09,2.113291067511983e-09,2.113291067511983e-09,1.6466337339919867e-09,1.879962400751985e-09,2.359952800943981e-09,2.826610134463977e-09,2.593281467703979e-09,2.593281467703979e-09,2.593281467703979e-09,2.113291067511983e-09,1.879962400751985e-09,1.879962400751985e-09,1.879962400751985e-09,1.879962400751985e-09,3.216572979095973e-07,2.593281467703979e-09,2.826610134463977e-09,2.359952800943981e-09,1.6466337339919867e-09,2.593281467703979e-09,2.593281467703979e-09,2.593281467703979e-09,2.359952800943981e-09,1.879962400751985e-09,2.826610134463977e-09,2.826610134463977e-09,2.593281467703979e-09,2.359952800943981e-09,2.593281467703979e-09,0.85324,8.572224022186223,4.673078271767898,5.461752364952701,4.157123257534849,5.704988300233995,1.547865042699146,10.233519796270741,361.27367125990816,6.250426458137504,8.42767724645507,0,0,0,0,0,0,0,0,0,0,2.1285470378859617
2025-03-26 05:19:40,43.31983805668016,7.056451612903227,43.31983805668016,43.31983805668016,50.35460992907802,25.531914893617024,43.31983805668016,7.056451612903227,7.056451612903227,0,43.31983805668016,50.471698113207545,50.471698113207545,-5.804311774461028,0,53.41098169717139,58.27123695976155,0,0,0,37.40685543964233,43.31983805668016,0,0,43.31983805668016,43.31983805668016,43.31983805668016,53.41098169717139,37.40685543964233,0,0,37.40685543964233,43.31983805668016,43.31983805668016,43.31983805668016,64.01028277634961,50.471698113207545,-5.804311774461028,0,5.804311774461028,0,0,43.31983805668016,58.27123695976155,46.01542416452442,58.27123695976155,64.01028277634961,98.8517745302714,0,0,0,43.31983805668016,7.056451612903227,0,0,0,46.01542416452442,0,0,0,-5.804311774461028,0,42,42,42,42,42,42,42,42,42,42,28,14,16,12,18,4,29,1357,18,23,1,1.6,81.60266750276986,1,1,1,1,1,1,1,1,1,1,0,1.1799528018879247e-09,1.056624401690599e-09,8.233004013172806e-10,8.233004013172806e-10,1.056624401690599e-09,1.2899484020639176e-09,1.056624401690599e-09,1.413276802261243e-09,1.413276802261243e-09,1.056624401690599e-09,1.2899484020639176e-09,1.056624401690599e-09,1.1799528018879247e-09,1.413276802261243e-09,8.233004013172806e-10,8.233004013172806e-10,1.413276802261243e-09,1.413276802261243e-09,1.413276802261243e-09,1.056624401690599e-09,1.056624401690599e-09,1.413276802261243e-09,1.413276802261243e-09,1.2899484020639176e-09,1.2899484020639176e-09,1.056624401690599e-09,8.233004013172806e-10,8.233004013172806e-10,1.413276802261243e-09,1.413276802261243e-09,1.056624401690599e-09,1.2899484020639176e-09,1.2899484020639176e-09,1.2899484020639176e-09,8.233004013172806e-10,1.056624401690599e-09,1.1799528018879247e-09,1.6466008026345613e-09,1.413276802261243e-09,1.413276802261243e-09,1.413276802261243e-09,1.2899484020639176e-09,1.056624401690599e-09,1.056624401690599e-09,1.056624401690599e-09,1.056624401690599e-09,2.6087956481740733e-07,1.413276802261243e-09,1.6466008026345613e-09,1.1799528018879247e-09,8.233004013172806e-10,1.413276802261243e-09,1.413276802261243e-09,1.413276802261243e-09,1.1799528018879247e-09,1.056624401690599e-09,1.6466008026345613e-09,1.6466008026345613e-09,1.413276802261243e-09,1.1799528018879247e-09,1.413276802261243e-09,0.85324,12.018740930857861,5.882437474306412,7.3004603179894,5.120839527571303,7.659499350021666,1.5231958934702177,13.031832494472408,418.2384276079686,8.464617179427353,10.74703865426708,0,0,0,0,0,0,0,0,0,0,2.1285470378859617
2025-03-26 05:19:50,43.31983805668016,0,58.27123695976155,58.27123695976155,43.31983805668016,43.31983805668016,43.31983805668016,0,0,-5.804311774461028,43.31983805668016,50.47169811320755,50.47169811320755,-5.804311774461028,0,53.41098169717138,58.27123695976155,0,0,0,38.99782135076252,50.47169811320755,0,0,43.31983805668016,43.31983805668016,43.31983805668016,53.41098169717138,37.40685543964232,0,0,37.40685543964232,43.31983805668016,43.31983805668016,43.31983805668016,64.01028277634961,50.47169811320755,-5.804311774461028,0,5.804311774461028,0,0,43.31983805668016,58.27123695976155,46.01542416452442,58.27123695976155,64.01028277634961,98.8517745302714,0,0,0,43.31983805668016,0,0,0,0,46.01542416452442,0,0,0,-5.804311774461028,0,53,53,53,53,53,53,53,53,53,53,30,17,18,14,21,6,36,1660,20,28,1,1.9,81.6033321109755,1,1,1,1,1,1,1,1,1,1,0,2.3600472009440193e-09,8.2334980032934e-10,8.2334980032934e-10,1.056687800422675e-09,1.1800236004720097e-09,1.1800236004720097e-09,1.1800236004720097e-09,1.893371200757349e-09,2.126709200850684e-09,1.1800236004720097e-09,1.4133616005653447e-09,1.1800236004720097e-09,2.126709200850684e-09,2.126709200850684e-09,1.2900258005160104e-09,1.056687800422675e-09,2.126709200850684e-09,1.893371200757349e-09,1.893371200757349e-09,1.4133616005653447e-09,1.1800236004720097e-09,1.893371200757349e-09,2.126709200850684e-09,8.2334980032934e-10,1.1800236004720097e-09,1.056687800422675e-09,1.4133616005653447e-09,1.64669960065868e-09,1.893371200757349e-09,1.893371200757349e-09,1.056687800422675e-09,8.2334980032934e-10,8.2334980032934e-10,1.1800236004720097e-09,1.4133616005653447e-09,1.1800236004720097e-09,2.126709200850684e-09,1.893371200757349e-09,2.126709200850684e-09,1.893371200757349e-09,1.893371200757349e-09,8.2334980032934e-10,1.056687800422675e-09,1.4133616005653447e-09,1.4133616005653447e-09,1.4133616005653447e-09,2.541850837016741e-07,1.893371200757349e-09,1.893371200757349e-09,2.3600472009440193e-09,1.056687800422675e-09,2.126709200850684e-09,2.126709200850684e-09,2.126709200850684e-09,2.3600472009440193e-09,1.4133616005653447e-09,1.893371200757349e-09,1.893371200757349e-09,1.893371200757349e-09,2.3600472009440193e-09,1.893371200757349e-09,0.85324,11.880216571428573,5.814638285714286,7.216317428571429,5.061818285714286,7.571218285714286,1.50564,12.885742380952383,413.4543212380952,8.367056571428572,10.627282380952382,0,0,0,0,0,0,0,0,0,0,2.1285470378859617
2025-03-26 05:20:00,43.31983805668016,0,43.31983805668016,43.31983805668016,43.31983805668016,43.31983805668016,43.31983805668016,0,0,0,43.31983805668016,50.471698113207545,50.471698113207545,0,0,43.31983805668016,43.31983805668016,0,0,0,38.99782135076253,38.99782135076253,0,0,43.31983805668016,43.31983805668016,43.31983805668016,43.31983805668016,30.949445129469787,0,0,43.31983805668016,43.31983805668016,43.31983805668016,43.31983805668016,50.471698113207545,50.471698113207545,0,0,0,0,0,43.31983805668016,43.31983805668016,50.471698113207545,43.31983805668016,50.471698113207545,99.66242135952125,0,0,0,43.31983805668016,0,0,0,0,50.471698113207545,0,0,0,0,0,64,64,64,64,64,64,64,64,64,64,42,21,24,18,27,6,43,1964,27,34,1,2.1,81.59242471748287,1,1,1,1,1,1,1,1,1,1,0,1.1799528018879247e-09,8.233004013172806e-10,8.233004013172806e-10,8.233004013172806e-10,8.233004013172806e-10,8.233004013172806e-10,8.233004013172806e-10,1.1799528018879247e-09,1.1799528018879247e-09,8.233004013172806e-10,8.233004013172806e-10,8.233004013172806e-10,1.1799528018879247e-09,1.1799528018879247e-09,8.233004013172806e-10,8.233004013172806e-10,1.1799528018879247e-09,1.1799528018879247e-09,1.1799528018879247e-09,8.233004013172806e-10,8.233004013172806e-10,1.1799528018879247e-09,1.1799528018879247e-09,8.233004013172806e-10,8.233004013172806e-10,8.233004013172806e-10,8.233004013172806e-10,8.233004013172806e-10,1.1799528018879247e-09,1.1799528018879247e-09,8.233004013172806e-10,8.233004013172806e-10,8.233004013172806e-10,8.233004013172806e-10,8.233004013172806e-10,8.233004013172806e-10,1.1799528018879247e-09,1.1799528018879247e-09,1.1799528018879247e-09,1.1799528018879247e-09,1.1799528018879247e-09,8.233004013172806e-10,8.233004013172806e-10,8.233004013172806e-10,8.233004013172806e-10,8.233004013172806e-10,0.0000011118655253789849,1.1799528018879247e-09,1.1799528018879247e-09,1.1799528018879247e-09,8.233004013172806e-10,1.1799528018879247e-09,1.1799528018879247e-09,1.1799528018879247e-09,1.1799528018879247e-09,8.233004013172806e-10,1.1799528018879247e-09,1.1799528018879247e-09,1.1799528018879247e-09,1.1799528018879247e-09,1.1799528018879247e-09,0.85324,12.024461388465287,6.012230694232644,7.15284892877678,5.266031849203769,7.504628384290392,1.4923976900577485,12.775547444647216,1260.5408071464879,8.293467163320916,10.536950909560593,0,0,0,0,0,0,0,0,0,0,2.1285470378859617
2025-03-26 05:20:10,43.31983805668016,0,43.31983805668016,43.31983805668016,43.31983805668016,43.31983805668016,43.31983805668016,0,0,0,43.31983805668016,50.471698113207545,50.471698113207545,0,0,43.31983805668016,43.31983805668016,0,0,0,38.99782135076252,38.99782135076252,0,0,43.31983805668016,43.31983805668016,43.31983805668016,43.31983805668016,30.949445129469787,0,0,43.31983805668016,43.31983805668016,43.31983805668016,43.31983805668016,50.471698113207545,-6.997084548104955,0,0,0,0,0,43.31983805668016,43.31983805668016,50.471698113207545,43.31983805668016,50.471698113207545,99.79645811599336,0,0,0,43.31983805668016,0,0,0,0,50.471698113207545,0,0,0,0,0,76,75,75,76,75,75,75,75,76,75,42,21,24,18,27,6,43,2261,27,34,1,2.3,81.59439899479963,1,1,1,1,1,1,1,1,1,1,0,1.1800236004720097e-09,8.2334980032934e-10,8.2334980032934e-10,8.2334980032934e-10,8.2334980032934e-10,8.2334980032934e-10,8.2334980032934e-10,1.1800236004720097e-09,1.1800236004720097e-09,8.2334980032934e-10,8.2334980032934e-10,8.2334980032934e-10,1.1800236004720097e-09,1.1800236004720097e-09,8.2334980032934e-10,8.2334980032934e-10,1.1800236004720097e-09,1.1800236004720097e-09,1.1800236004720097e-09,8.2334980032934e-10,8.2334980032934e-10,1.1800236004720097e-09,1.1800236004720097e-09,8.2334980032934e-10,8.2334980032934e-10,8.2334980032934e-10,8.2334980032934e-10,8.2334980032934e-10,1.1800236004720097e-09,1.1800236004720097e-09,8.2334980032934e-10,8.2334980032934e-10,8.2334980032934e-10,8.2334980032934e-10,8.2334980032934e-10,8.2334980032934e-10,1.1800236004720097e-09,1.1800236004720097e-09,1.1800236004720097e-09,1.1800236004720097e-09,1.1800236004720097e-09,8.2334980032934e-10,8.2334980032934e-10,8.2334980032934e-10,8.2334980032934e-10,8.2334980032934e-10,0.0000018164929965265973,1.1800236004720097e-09,1.1800236004720097e-09,1.1800236004720097e-09,8.2334980032934e-10,1.1800236004720097e-09,1.1800236004720097e-09,1.1800236004720097e-09,1.1800236004720097e-09,8.2334980032934e-10,1.1800236004720097e-09,1.1800236004720097e-09,1.1800236004720097e-09,1.1800236004720097e-09,1.1800236004720097e-09,0.85324,11.941877979133565,5.970938989566783,7.103723514183176,5.2298650014999835,7.453086965700381,1.4821479761335985,12.690255182349826,2200.444570208479,8.236508038799569,10.46703321814943,0,0,0,0,0,0,0,0,0,0,2.1285470378859617
2025-03-26 05:20:20,43.31983805668017,0,43.31983805668017,43.31983805668017,43.31983805668017,90.12316154490016,43.31983805668017,0,0,0,43.31983805668017,50.471698113207545,50.471698113207545,0,0,43.31983805668017,43.31983805668017,0,0,0,38.99782135076253,38.99782135076253,0,0,43.31983805668017,43.31983805668017,43.31983805668017,43.31983805668017,30.949445129469787,0,0,43.31983805668017,43.31983805668017,43.31983805668017,43.31983805668017,50.471698113207545,54.15695415695415,0,0,0,0,0,43.31983805668017,43.31983805668017,50.471698113207545,43.31983805668017,50.471698113207545,99.7741511528499,0,0,0,43.31983805668017,0,0,0,0,50.471698113207545,0,0,0,0,0,87,87,87,87,87,87,86,87,87,87,42,21,24,18,27,6,43,2486,27,34,1,2.5,81.59488767730379,1,1,1,1,1,1,1,1,1,1,0,1.179433871741564e-09,5.89716935870782e-10,8.229383229383229e-10,8.229383229383229e-10,5.89716935870782e-10,7.492070472839703e-08,5.89716935870782e-10,9.46212484674023e-10,9.46212484674023e-10,5.89716935870782e-10,3.5649554880324107e-10,5.89716935870782e-10,1.179433871741564e-09,9.46212484674023e-10,8.229383229383229e-10,8.229383229383229e-10,9.46212484674023e-10,9.46212484674023e-10,9.46212484674023e-10,5.89716935870782e-10,5.89716935870782e-10,9.46212484674023e-10,9.46212484674023e-10,3.5649554880324107e-10,3.5649554880324107e-10,5.89716935870782e-10,8.229383229383229e-10,8.229383229383229e-10,9.46212484674023e-10,9.46212484674023e-10,5.89716935870782e-10,3.5649554880324107e-10,3.5649554880324107e-10,3.5649554880324107e-10,8.229383229383229e-10,2.777999893384509e-08,1.179433871741564e-09,7.129910976064821e-10,9.46212484674023e-10,9.46212484674023e-10,9.46212484674023e-10,3.5649554880324107e-10,5.89716935870782e-10,5.89716935870782e-10,5.89716935870782e-10,5.89716935870782e-10,0.000001754148008955701,9.46212484674023e-10,7.129910976064821e-10,1.179433871741564e-09,8.229383229383229e-10,9.46212484674023e-10,9.46212484674023e-10,9.46212484674023e-10,1.179433871741564e-09,5.89716935870782e-10,7.129910976064821e-10,7.129910976064821e-10,9.46212484674023e-10,1.179433871741564e-09,9.46212484674023e-10,0.85324,43.37937675581105,5.936420694826294,7.062656535866035,5.199630892276931,7.410000299925019,1.4735796050987255,41.25200923102558,2197.678076514205,8.188892376905775,10.408584687161545,0,0,0,0,0,0,0,0,0,0,2.1285470378859617
2025-03-26 05:20:30,43.31983805668016,0,43.31983805668016,43.31983805668016,43.31983805668016,90.12316154490016,43.31983805668016,0,0,0,43.31983805668016,50.471698113207545,50.471698113207545,0,0,43.31983805668016,43.31983805668016,0,0,0,38.99782135076253,38.99782135076253,0,0,43.31983805668016,43.31983805668016,43.31983805668016,43.31983805668016,30.949445129469787,0,0,43.31983805668016,43.31983805668016,43.31983805668016,43.31983805668016,50.471698113207545,54.156954156954164,0,0,0,0,0,43.31983805668016,43.31983805668016,50.471698113207545,43.31983805668016,50.471698113207545,99.77415115284991,0,0,0,43.31983805668016,0,0,0,0,50.471698113207545,0,0,0,0,0,99,98,98,99,98,98,98,98,99,98,224,21,24,18,27,6,82,2486,27,34,1,2.6,81.60038046865043,1,1,1,1,1,1,1,1,1,1,0,1.1800472018880755e-09,5.900236009440378e-10,8.233662679840525e-10,8.233662679840525e-10,5.900236009440378e-10,1.420290144939131e-07,5.900236009440378e-10,1.1800472018880755e-09,9.467045348480605e-10,5.900236009440378e-10,5.025534354707522e-08,5.900236009440378e-10,1.1800472018880755e-09,9.467045348480605e-10,8.233662679840525e-10,8.233662679840525e-10,9.467045348480605e-10,1.1800472018880755e-09,9.467045348480605e-10,5.900236009440378e-10,5.900236009440378e-10,9.467045348480605e-10,9.467045348480605e-10,5.900236009440378e-10,3.5668093390402284e-10,5.900236009440378e-10,8.233662679840525e-10,8.233662679840525e-10,9.467045348480605e-10,9.467045348480605e-10,8.233662679840525e-10,3.5668093390402284e-10,3.5668093390402284e-10,5.900236009440378e-10,8.233662679840525e-10,2.7794445111137774e-08,1.1800472018880755e-09,1.1800472018880755e-09,9.467045348480605e-10,9.467045348480605e-10,1.1800472018880755e-09,3.5668093390402284e-10,5.900236009440378e-10,5.900236009440378e-10,5.900236009440378e-10,5.900236009440378e-10,0.0000017552935450751362,1.1800472018880755e-09,7.133618678080457e-10,1.1800472018880755e-09,8.233662679840525e-10,9.467045348480605e-10,9.467045348480605e-10,9.467045348480605e-10,1.1800472018880755e-09,5.900236009440378e-10,7.133618678080457e-10,1.1800472018880755e-09,9.467045348480605e-10,1.1800472018880755e-09,9.467045348480605e-10,0.85324,160.0463499393939,26.682542909090905,7.032201999999999,5.177209818181818,7.378047999999999,1.4672254545454544,41.07566642424242,2188.215188060606,8.153581454545453,10.365240303030301,0,0,0,0,0,0,0,0,0,0,2.1285470378859617
2025-03-26 05:20:40,43.31983805668016,5.200594353640416,43.31983805668016,43.31983805668016,48.21208384710234,90.14107270670269,30.949445129469794,5.200594353640416,5.200594353640416,0,48.21208384710234,92.39333748997952,38.99782135076253,0,-5.200594353640416,43.31983805668016,43.31983805668016,5.200594353640416,5.200594353640416,5.200594353640416,29.149797570850204,43.31983805668017,5.200594353640416,-5.200594353640416,30.949445129469794,30.949445129469794,48.21208384710234,43.31983805668016,30.949445129469794,5.200594353640416,0,30.949445129469794,43.31983805668016,43.31983805668016,48.21208384710234,50.47169811320755,54.156954156954164,0,0,0,0,5.200594353640416,43.31983805668016,43.31983805668016,50.47169811320755,43.31983805668016,50.47169811320755,99.77417636570671,5.200594353640416,0,0,43.31983805668016,5.200594353640416,5.200594353640416,0,0,38.99782135076253,0,0,5.200594353640416,0,0,109,109,109,109,109,109,109,109,109,109,235,192,26,18,29,7,84,2488,28,35,1,2.7,81.61251934205352,1,1,1,1,1,1,1,1,1,1,0,0,0,2.333286667599981e-10,0,2.333286667599981e-10,1.4189716205675885e-07,2.333286667599981e-10,2.333286667599981e-10,2.333286667599981e-10,2.333286667599981e-10,2.2667465800683986e-07,2.333286667599981e-10,2.333286667599981e-10,2.333286667599981e-10,0,0,2.333286667599981e-10,2.333286667599981e-10,2.333286667599981e-10,2.333286667599981e-10,4.666573335199962e-10,2.333286667599981e-10,2.333286667599981e-10,2.333286667599981e-10,2.333286667599981e-10,2.333286667599981e-10,0,0,2.333286667599981e-10,0,2.333286667599981e-10,4.666573335199962e-10,4.666573335199962e-10,4.666573335199962e-10,0,2.7436117944307782e-08,2.333286667599981e-10,4.666573335199962e-10,0,2.333286667599981e-10,2.333286667599981e-10,4.666573335199962e-10,2.333286667599981e-10,0,2.333286667599981e-10,0,0.0000016972660546789064,2.333286667599981e-10,4.666573335199962e-10,0,0,2.333286667599981e-10,2.333286667599981e-10,0,0,2.333286667599981e-10,4.666573335199962e-10,4.666573335199962e-10,2.333286667599981e-10,0,0,0.85324,159.92114032383066,204.94572389674533,7.492497173634665,5.644603072752172,7.837019802612756,1.9488148709871864,41.89426363113641,2180.8285240123,8.609585697896962,11.057748324319519,0,0,0,0,0,0,0,0,0,0,2.1285470378859617
2025-03-26 05:20:50,43.31983805668016,4.487179487179487,50.471698113207545,50.471698113207545,43.31983805668016,89.67248606568702,38.99782135076252,4.487179487179487,0,0,54.248366013071895,96.37960824842152,45.36585365853659,0,-4.487179487179487,50.471698113207545,50.471698113207545,0,0,4.487179487179487,36.07305936073059,48.858447488584474,0,-4.487179487179487,43.31983805668016,43.31983805668016,43.31983805668016,50.471698113207545,38.99782135076252,0,4.487179487179487,38.99782135076252,43.31983805668016,43.31983805668016,43.31983805668016,59.02439024390244,51.55574762316336,0,0,4.487179487179487,0,0,43.31983805668016,54.248366013071895,45.36585365853659,54.248366013071895,59.02439024390244,99.74009200424145,4.487179487179487,0,4.487179487179487,54.248366013071895,0,0,4.487179487179487,4.487179487179487,45.36585365853659,0,0,0,0,4.487179487179487,120,120,120,120,120,120,120,120,120,120,240,484,29,22,31,8,92,2493,33,44,1,2.9,81.60575597619608,1,1,1,1,1,1,1,1,1,1,0,9.467045348480605e-10,8.233662679840525e-10,5.900236009440378e-10,5.900236009440378e-10,8.233662679840525e-10,1.422623571609531e-07,8.233662679840525e-10,1.1800472018880755e-09,1.1800472018880755e-09,8.233662679840525e-10,4.110029335617869e-07,8.233662679840525e-10,9.467045348480605e-10,1.1800472018880755e-09,3.5668093390402284e-10,5.900236009440378e-10,1.1800472018880755e-09,1.1800472018880755e-09,1.1800472018880755e-09,5.900236009440378e-10,5.900236009440378e-10,1.1800472018880755e-09,1.1800472018880755e-09,8.233662679840525e-10,8.233662679840525e-10,8.233662679840525e-10,3.5668093390402284e-10,3.5668093390402284e-10,1.1800472018880755e-09,1.1800472018880755e-09,5.900236009440378e-10,8.233662679840525e-10,8.233662679840525e-10,8.233662679840525e-10,5.900236009440378e-10,2.8027787778177794e-08,9.467045348480605e-10,1.1800472018880755e-09,9.467045348480605e-10,1.1800472018880755e-09,1.1800472018880755e-09,8.233662679840525e-10,8.233662679840525e-10,5.900236009440378e-10,5.900236009440378e-10,5.900236009440378e-10,7.700008000320013e-07,1.1800472018880755e-09,1.1800472018880755e-09,1.1800472018880755e-09,5.900236009440378e-10,1.1800472018880755e-09,1.1800472018880755e-09,9.467045348480605e-10,1.1800472018880755e-09,5.900236009440378e-10,1.1800472018880755e-09,1.1800472018880755e-09,1.1800472018880755e-09,9.467045348480605e-10,1.1800472018880755e-09,0.85324,162.5881513846154,447.2110730769231,8.824548923076923,6.611474153846154,9.282426461538462,1.9425107692307693,44.58694312820513,2175.6260232820514,10.309182153846155,13.364551282051284,0,0,0,0,0,0,0,0,0,0,2.1285470378859617
2025-03-26 05:21:00,43.31983805668017,0,43.31983805668017,43.31983805668017,43.31983805668017,89.67248606568702,43.31983805668017,0,0,0,43.31983805668017,97.3740769154188,48.858447488584474,-4.487179487179487,0,43.31983805668017,43.31983805668017,0,0,0,39.91416309012875,39.91416309012875,0,0,43.31983805668017,43.31983805668017,43.31983805668017,43.31983805668017,33.83742911153119,0,0,38.99782135076253,43.31983805668017,43.31983805668017,43.31983805668017,48.858447488584474,51.55574762316335,-4.487179487179487,0,0,0,0,43.31983805668017,43.31983805668017,45.36585365853658,43.31983805668017,48.858447488584474,99.74009200424143,0,0,0,43.31983805668017,0,0,0,0,48.858447488584474,0,0,0,0,0,130,130,130,130,130,130,130,130,130,130,247,791,32,23,35,8,95,2498,35,45,1,3,81.60374260427898,1,1,1,1,1,1,1,1,1,1,0,1.1799764004719905e-09,8.233168669959933e-10,5.899882002359952e-10,8.233168669959933e-10,8.233168669959933e-10,1.4225382159023488e-07,8.233168669959933e-10,1.1799764004719905e-09,1.1799764004719905e-09,8.233168669959933e-10,5.927925984813637e-07,8.233168669959933e-10,9.466477337119923e-10,1.1799764004719905e-09,8.233168669959933e-10,8.233168669959933e-10,1.1799764004719905e-09,1.1799764004719905e-09,1.1799764004719905e-09,8.233168669959933e-10,5.899882002359952e-10,1.1799764004719905e-09,1.1799764004719905e-09,8.233168669959933e-10,8.233168669959933e-10,8.233168669959933e-10,8.233168669959933e-10,8.233168669959933e-10,1.1799764004719905e-09,1.1799764004719905e-09,5.899882002359952e-10,8.233168669959933e-10,8.233168669959933e-10,8.233168669959933e-10,8.233168669959933e-10,2.8026106144543773e-08,9.466477337119923e-10,1.1799764004719905e-09,1.1799764004719905e-09,1.1799764004719905e-09,1.1799764004719905e-09,8.233168669959933e-10,8.233168669959933e-10,5.899882002359952e-10,8.233168669959933e-10,8.233168669959933e-10,8.233168669959933e-10,1.1799764004719905e-09,1.1799764004719905e-09,1.1799764004719905e-09,8.233168669959933e-10,1.1799764004719905e-09,1.1799764004719905e-09,1.1799764004719905e-09,1.1799764004719905e-09,8.233168669959933e-10,1.1799764004719905e-09,1.1799764004719905e-09,1.1799764004719905e-09,1.1799764004719905e-09,1.1799764004719905e-09,0.85324,162.1323958229168,651.0339324676314,9.28407898934777,6.592941338933253,9.740673038004218,1.937065660966748,44.70509316533574,2170.020577848888,10.76455060165807,13.570221711118414,0,0,0,0,0,0,0,0,0,0,2.1285470378859617
2025-03-26 05:21:10,43.31983805668016,0,43.31983805668016,43.31983805668016,5.877413937867337,89.67248606568704,43.31983805668016,0,0,0,43.31983805668016,97.97435874269296,48.858447488584474,0,0,43.31983805668016,43.31983805668016,0,0,0,39.91416309012876,39.91416309012876,0,0,43.31983805668016,43.31983805668016,43.31983805668016,43.31983805668016,33.83742911153119,0,0,43.31983805668016,43.31983805668016,43.31983805668016,43.31983805668016,48.858447488584474,51.55574762316336,0,0,0,0,0,43.31983805668016,43.31983805668016,48.858447488584474,43.31983805668016,48.858447488584474,99.74009200424146,0,0,0,43.31983805668016,0,0,0,0,48.858447488584474,0,0,0,0,0,141,141,141,141,141,141,141,141,141,141,248,1139,32,24,36,8,96,2498,36,45,1,3.1,81.6059709964979,1,1,1,1,1,1,1,1,1,1,0,1.180566672002561e-09,8.237287231204311e-10,8.237287231204311e-10,8.237287231204311e-10,8.237287231204311e-10,6.768915746224854e-08,8.237287231204311e-10,1.180566672002561e-09,1.180566672002561e-09,8.237287231204311e-10,6.899302043869948e-07,8.237287231204311e-10,1.180566672002561e-09,1.180566672002561e-09,8.237287231204311e-10,8.237287231204311e-10,1.180566672002561e-09,1.180566672002561e-09,1.180566672002561e-09,8.237287231204311e-10,8.237287231204311e-10,1.180566672002561e-09,1.180566672002561e-09,8.237287231204311e-10,8.237287231204311e-10,8.237287231204311e-10,8.237287231204311e-10,8.237287231204311e-10,1.180566672002561e-09,1.180566672002561e-09,8.237287231204311e-10,8.237287231204311e-10,8.237287231204311e-10,8.237287231204311e-10,8.237287231204311e-10,8.237287231204311e-10,1.180566672002561e-09,1.180566672002561e-09,1.180566672002561e-09,1.180566672002561e-09,1.180566672002561e-09,8.237287231204311e-10,8.237287231204311e-10,8.237287231204311e-10,8.237287231204311e-10,8.237287231204311e-10,8.237287231204311e-10,1.180566672002561e-09,1.180566672002561e-09,1.180566672002561e-09,8.237287231204311e-10,1.180566672002561e-09,1.180566672002561e-09,1.180566672002561e-09,1.180566672002561e-09,8.237287231204311e-10,1.180566672002561e-09,1.180566672002561e-09,1.180566672002561e-09,1.180566672002561e-09,1.180566672002561e-09,0.85324,161.98220109643717,767.857469527981,9.261646877909703,6.818559698490899,9.717137707970837,1.9323853396532913,44.59793888040747,2164.7850199887557,10.738541387501861,13.53829523358733,0,0,0,0,0,0,0,0,0,0,2.1285470378859617
2025-03-26 05:21:20,43.31983805668016,0,43.31983805668016,43.31983805668016,94.97945427877241,42.319922577077286,43.31983805668016,0,0,0,43.31983805668016,97.97435874269296,48.85844748858447,0,0,43.31983805668016,43.31983805668016,0,0,0,39.91416309012875,39.91416309012875,0,0,43.31983805668016,43.31983805668016,43.31983805668016,43.31983805668016,33.837429111531186,0,0,43.31983805668016,43.31983805668016,43.31983805668016,43.31983805668016,48.85844748858447,51.55574762316335,0,0,0,0,0,43.31983805668016,43.31983805668016,48.85844748858447,43.31983805668016,48.85844748858447,99.74009200424146,0,0,0,43.31983805668016,0,0,0,0,48.85844748858447,0,0,0,0,0,50.333333333333336,151,151,151,151,151,151,151,151,151,193.5,1269,32,24,36,8,96,2498,36,45,1,3.2,81.60581461809657,1,1,1,1,1,1,1,1,1,1,0,1.1780679685316081e-09,8.21985277478269e-10,8.21985277478269e-10,8.21985277478269e-10,2.497174534873917e-07,4.866352515208392e-08,8.21985277478269e-10,9.451166753191434e-10,1.1780679685316081e-09,8.21985277478269e-10,6.840281937622298e-07,8.21985277478269e-10,1.1780679685316081e-09,1.1780679685316081e-09,8.21985277478269e-10,8.21985277478269e-10,1.1780679685316081e-09,9.451166753191434e-10,1.1780679685316081e-09,8.21985277478269e-10,8.21985277478269e-10,1.1780679685316081e-09,1.1780679685316081e-09,5.890339842658041e-10,8.21985277478269e-10,8.21985277478269e-10,8.21985277478269e-10,8.21985277478269e-10,1.1780679685316081e-09,1.1780679685316081e-09,5.890339842658041e-10,8.21985277478269e-10,8.21985277478269e-10,5.890339842658041e-10,8.21985277478269e-10,8.21985277478269e-10,1.1780679685316081e-09,7.121653821066783e-10,1.1780679685316081e-09,1.1780679685316081e-09,9.451166753191434e-10,8.21985277478269e-10,8.21985277478269e-10,8.21985277478269e-10,8.21985277478269e-10,8.21985277478269e-10,5.890339842658041e-10,9.451166753191434e-10,1.1780679685316081e-09,1.1780679685316081e-09,8.21985277478269e-10,1.1780679685316081e-09,1.1780679685316081e-09,1.1780679685316081e-09,1.1780679685316081e-09,8.21985277478269e-10,1.1780679685316081e-09,7.121653821066783e-10,1.1780679685316081e-09,1.1780679685316081e-09,1.1780679685316081e-09,0.85324,371.1743235341887,765.8376433327919,9.237284391749228,6.800623680363813,9.691577066753288,1.9273022575929835,44.481563532023166,2159.0989210113144,10.71029397433815,13.503621352390232,0,0,0,0,0,0,0,0,0,0,2.1285470378859617
2025-03-26 05:21:30,43.31983805668017,0,43.31983805668017,43.31983805668017,94.97945427877241,42.319922577077286,43.31983805668017,0,0,0,43.31983805668017,97.97435874269296,48.858447488584474,0,0,43.31983805668017,43.31983805668017,0,0,0,39.91416309012875,39.91416309012875,0,0,43.31983805668017,43.31983805668017,43.31983805668017,43.31983805668017,33.83742911153119,0,0,43.31983805668017,43.31983805668017,43.31983805668017,0.6396588486140725,48.858447488584474,51.55574762316335,0,0,0,0,0,43.31983805668017,43.31983805668017,48.858447488584474,43.31983805668017,48.858447488584474,99.74009200424145,0,0,0,43.31983805668017,0,0,0,0,48.858447488584474,0,0,0,0,0,14.2,162,162,162,162,162,162,162,162,162,35.4,1269,32,24,36,8,96,2498,36,45,1,3.3,81.6063814898014,1,1,1,1,1,1,1,1,1,1,0,1.1800236004720097e-09,8.2334980032934e-10,8.2334980032934e-10,8.2334980032934e-10,3.2529436705400776e-07,4.85109702194044e-08,5.900118002360048e-10,9.466856003786744e-10,9.466856003786744e-10,5.900118002360048e-10,5.027767222011107e-07,5.900118002360048e-10,1.1800236004720097e-09,9.466856003786744e-10,8.2334980032934e-10,8.2334980032934e-10,9.466856003786744e-10,9.466856003786744e-10,9.466856003786744e-10,5.900118002360048e-10,5.900118002360048e-10,9.466856003786744e-10,9.466856003786744e-10,5.900118002360048e-10,5.900118002360048e-10,5.900118002360048e-10,8.2334980032934e-10,8.2334980032934e-10,9.466856003786744e-10,1.1800236004720097e-09,5.900118002360048e-10,3.566738001426695e-10,3.566738001426695e-10,3.566738001426695e-10,8.2334980032934e-10,5.900118002360048e-10,1.1800236004720097e-09,7.13347600285339e-10,1.1800236004720097e-09,9.466856003786744e-10,9.466856003786744e-10,3.566738001426695e-10,5.900118002360048e-10,2.0606526424972944e-07,5.900118002360048e-10,8.2334980032934e-10,3.566738001426695e-10,9.466856003786744e-10,7.13347600285339e-10,1.1800236004720097e-09,8.2334980032934e-10,9.466856003786744e-10,9.466856003786744e-10,1.1800236004720097e-09,1.1800236004720097e-09,5.900118002360048e-10,7.13347600285339e-10,7.13347600285339e-10,9.466856003786744e-10,1.1800236004720097e-09,1.1800236004720097e-09,0.85324,460.7132709411765,764.789735019608,9.2246448627451,6.791318274509805,9.678315921568629,1.924665098039216,44.421186705882356,2349.399033019608,10.695638901960786,13.485632156862746,0,0,0,0,0,0,0,0,0,0,2.1285470378859617
2025-03-26 05:21:40,43.31983805668016,0,43.31983805668016,43.31983805668016,92.06641006491641,42.319922577077286,-52.752752752752755,0,0,0,43.31983805668016,97.97435874269296,48.858447488584474,0,0,43.31983805668016,43.31983805668016,0,0,0,39.91416309012876,39.91416309012876,0,0,43.31983805668016,43.31983805668016,43.31983805668016,43.31983805668016,33.83742911153119,0,0,43.31983805668016,43.31983805668016,43.31983805668016,0.6396588486140725,48.858447488584474,51.55574762316335,0,0,0,0,0,43.31983805668016,43.31983805668016,92.97398934503289,43.31983805668016,48.858447488584474,99.74009200424145,0,0,0,43.31983805668016,0,0,0,0,48.858447488584474,0,0,0,0,0,14.2,172,162,162,162,172,172,41.6,162,172,32.95454545454545,1269,32,24,39,8,117,522.2,36,45,1,3.4,81.6062642060004,1,1,1,1,1,1,1,1,1,1,0,2.3333333333333335e-10,0,2.3333333333333335e-10,2.3333333333333335e-10,3.3108022377777777e-07,4.815333333333334e-08,6.696666666666667e-09,0,0,0,3.0271333333333336e-07,0,2.3333333333333335e-10,0,4.666666666666667e-10,2.3333333333333335e-10,0,0,0,2.3333333333333335e-10,2.3333333333333335e-10,0,0,0,0,1.1033333333333332e-09,4.666666666666667e-10,2.8816666666666667e-08,0,0,9.243333333333333e-09,0,0,1.405e-08,2.3333333333333335e-10,0,2.3333333333333335e-10,0,2.3333333333333335e-10,0,0,0,0,2.0601295500000003e-07,2.3333333333333335e-10,2.3333333333333335e-10,0,0,0,0,2.3333333333333335e-10,0,0,2.3333333333333335e-10,0,2.3333333333333335e-10,0,0,0,2.3333333333333335e-10,0,0.85324,460.3125421111111,763.5093793703703,9.209201629629629,6.779948740740741,39.979738222222224,1.9214429629629628,58.809706518518524,2367.7632932962965,10.677733037037036,13.463652592592593,0,0,0,0,0,0,0,0,0,0,2.1285470378859617
2025-03-26 05:21:50,43.319838056680155,0,43.319838056680155,43.319838056680155,92.06641006491641,42.319922577077286,-52.752752752752755,0,0,0,43.319838056680155,97.97435874269297,32.490213791026804,0,0,43.319838056680155,43.319838056680155,0,0,0,39.91416309012876,39.91416309012876,0,0,43.319838056680155,43.319838056680155,7.354056103108415,43.319838056680155,49.76471818467008,0,0,89.5570357259304,43.319838056680155,31.94718470177569,13.81895060541995,48.858447488584474,51.55574762316336,0,0,0,0,0,43.319838056680155,43.319838056680155,92.9739893450329,43.319838056680155,48.858447488584474,99.74009200424145,0,0,0,43.319838056680155,0,0,0,0,48.858447488584474,0,0,0,0,0,22.681818181818183,172,172,172,172,172,172,41.6,172,172,32.95454545454545,1270,32,24,39,67,134,522.2,36,45,1,3.4,81.64670757004384,1,1,1,1,1,1,1,1,1,1,0,0,0,1.743596922789755e-08,0,3.3105602064806297e-07,4.8151407277042255e-08,6.696398810714238e-09,0,0,0,1.053791181686066e-07,1.848926042958282e-08,2.333240003733184e-10,0,0,3.1235417249976666e-08,0,0,0,0,2.333240003733184e-10,0,0,0,0,1.1032892017652628e-09,0,2.834886604535819e-08,0,0,1.4006106422409773e-07,0,1.8669253229870807e-08,1.4049438022479101e-08,0,0,2.333240003733184e-10,0,0,0,0,0,0,2.0599826406943721e-07,0,0,0,0,0,0,0,0,0,0,0,0,0,0,0,0,0,0.85324,477.2934197174796,781.3513704974631,41.29956053556767,6.769633481400391,39.91891160186101,145.6361939748637,77.90939597762853,2364.1656952134335,10.661487547630575,13.443711149940702,0,0,0,0,0,0,0,0,0,0,2.1285470378859617
2025-03-26 05:22:00,43.31983805668016,0,27.0775735892015,88.05604389750145,92.0664100649164,42.319922577077286,-52.752752752752755,0,0,0,43.31983805668016,97.97435874269297,32.490213791026804,0,0,43.31983805668016,56.713968529780864,0,0,0,39.91416309012876,39.91416309012876,0,0,43.31983805668016,43.31983805668016,7.354056103108417,95.77849328739009,49.76471818467007,0,0,89.55703572593042,43.31983805668016,31.94718470177569,13.81895060541995,48.858447488584474,51.55574762316335,0,0,0,0,0,43.31983805668016,43.31983805668016,92.9739893450329,43.31983805668016,48.858447488584474,99.74009200424145,0,0,0,43.31983805668016,0,0,0,0,48.858447488584474,0,0,0,0,0,33.09090909090909,183,183,183,183,183,183,51.8,183,183,32.95454545454545,1270,32,24,88,67,134,522.2,36,45,1,3.5,81.64682485384483,1,1,1,1,1,1,1,1,1,1,0,0,3.769333333333333e-08,1.7203333333333335e-08,2.1748123483333334e-07,3.310744763333333e-07,4.815333333333334e-08,6.696666666666667e-09,0,0,0,0,1.849e-08,0,0,0,3.123666666666667e-08,0,0,0,0,0,0,0,0,0,1.1033333333333332e-09,3.3652886833333333e-07,2.835e-08,0,0,1.3983333333333335e-07,0,1.8669999999999998e-08,1.405e-08,0,0,0,0,0,0,0,0,0,2.0598892916666666e-07,0,0,0,0,0,0,0,0,0,0,0,0,0,0,0,0,0,0.85324,723.3143531615675,780.307194130696,41.24436894482194,6.760586730399681,399.89417926243704,145.44156979215103,77.80575665455005,2361.0105080307935,10.647239830467514,13.42622198555674,0,0,0,0,0,0,0,0,0,0,2.1285470378859617
2025-03-26 05:22:10,63.53285621340273,0,27.077573589201492,93.35260544066416,92.06641006491641,42.319922577077286,-52.752752752752755,0,0,0,43.31983805668016,97.97435874269296,32.490213791026804,0,0,43.31983805668016,56.713968529780864,0,0,0,39.91416309012876,47.26878777511689,0,0,43.31983805668016,43.31983805668016,7.354056103108415,95.77849328739009,49.76471818467008,0,0,89.5570357259304,59.39141459880456,31.94718470177569,13.81895060541995,48.858447488584474,51.55574762316335,0,0,0,0,0,43.31983805668016,28.727272727272723,92.97398934503292,43.31983805668016,48.858447488584474,99.71780011638751,0,0,0,43.31983805668016,0,0,0,0,48.858447488584474,0,0,0,0,0,43.45454545454545,193,193,193,193,193,193,62.6,193,193,33.81818181818182,1285,45,24,168,67,134,522.2,36,45,1,3.5,81.64662938084317,1,1,1,1,1,1,1,1,1,1,0,0,3.775449561623163e-08,1.7231247955020466e-08,2.175128771943882e-07,8.810606515889073e-08,0,6.7075328699159296e-09,0,0,0,0,1.8520002403894307e-08,0,0,0,3.128735217719372e-08,0,0,0,0,2.5387794894395585e-08,0,0,0,3.380142497512637e-08,1.1051236336197974e-09,3.365789642554271e-07,2.8396001522466395e-08,0,0,1.4006023090740333e-07,3.356771302843941e-08,1.8700294477052827e-08,1.4072797932650896e-08,0,0,0,0,0,0,0,0,1.9254525664910488e-08,2.0601879010663946e-07,0,0,2.337119466869662e-10,0,0,0,0,0,0,0,0,3.714016707065446e-08,0,0,0,0,0,0.85324,741.8411535500625,779.3513005493625,41.19384368010946,32.736376810904076,404.96059948920873,179.6195105102674,77.71087980533426,2377.828836989665,10.634196726047335,51.42268076501224,0,0,0,0,0,0,0,0,0,0,2.1285470378859617
2025-03-26 05:22:20,63.53285621340273,0,27.077573589201492,93.35260544066415,92.06641006491641,42.31992257707728,-52.752752752752755,0,0,0,43.31983805668016,97.97435874269297,32.490213791026804,0,0,43.31983805668016,56.713968529780864,0,0,0,62.73672334595858,47.26878777511689,0,0,33.0827067669173,59.64722822174227,7.354056103108415,95.77849328739009,49.76471818467008,0,0,89.57403273809523,59.39141459880456,31.94718470177569,13.81895060541995,48.858447488584474,51.55574762316336,0,0,0,0,0,26.164992590153137,34.12287194670615,92.97398934503292,-15.311004784688995,48.858447488584474,99.71780011638752,0,0,0,89.64816695909133,0,0,0,0,63.30305262296423,0,0,0,0,0,53.86363636363637,204,204,204,204,204,204,72.8,204,204,39.68181818181818,1285,45,37,168,95,134,522.2,36,45,1,3.5,81.64703987414667,1,1,1,1,1,1,1,1,1,1,0,0,3.7576095914081394e-08,1.7149825876598346e-08,2.1685000742129e-07,6.31695775846027e-09,0,6.6758380519446e-09,0,0,0,0,1.843249062923678e-08,0,0,0,3.113951139112635e-08,0,0,0,3.736342611053513e-08,2.526783103384108e-08,0,0,2.525453917111944e-10,3.364170454847542e-08,1.0999016402158598e-09,3.355295143596423e-07,2.82618231118909e-08,0,0,1.3963101789084723e-07,3.340909695084669e-08,1.8611930775978946e-08,1.4006300342930058e-08,0,0,0,0,0,0,0,1.6897280484887153e-08,1.916354307892708e-08,0,2.2729085254007497e-09,0,2.326075976287317e-10,0,0,0,1.4065449132041363e-07,0,0,0,0,3.696467022888587e-08,0,0,0,0,0,0.85324,740.4922755682335,777.9342184632715,41.11894156870583,71.02951797816094,433.46970820690785,179.5316773560566,77.57022786872339,2390.855663468934,154.9933392685187,51.329828243003455,0,0,0,0,0,0,0,0,0,0,2.1285470378859617
2025-03-26 05:22:30,,,,,,,,,,,,,,,,,,,,,,,,,,,,,,,,,,,,,,,,,,,,,,,,,,,,,,,,,,,,,,,64.0909090909091,214,214,214,214,214,214,82.8,214,214,39.68181818181818,1285,45,53,196,96,134,525.8,95,76,1,3.6,81.64711806334732,1,1,1,1,1,1,1,1,1,1,,,,,,,,,,,,,,,,,,,,,,,,,,,,,,,,,,,,,,,,,,,,,,,,,,,,,,,,,,,,,,,0.85324,,,,,,,,,,,,,,,,,,,,,2.1285470378859617
,,,,,,,,,,,,,,,,,,,,,,,,,,,,,,,,,,,,,,,,,,,,,,,,,,,,,,,,,,,,,,,,,,,,,,,,,,,,,,,,,,,1,,,,,,,,,,,,,,,,,,,,,,,,,,,,,,,,,,,,,,,,,,,,,,,,,,,,,,,,,,,,,,,,,,,,,,,,,,,,,,,,,,,,,,,,,,,,,,,,
,,,,,,,,,,,,,,,,,,,,,,,,,,,,,,,,,,,,,,,,,,,,,,,,,,,,,,,,,,,,,,,,,,,,,,,,,,,,,,,,,,,1,,,,,,,,,,,,,,,,,,,,,,,,,,,,,,,,,,,,,,,,,,,,,,,,,,,,,,,,,,,,,,,,,,,,,,,,,,,,,,,,,,,,,,,,,,,,,,,,
,,,,,,,,,,,,,,,,,,,,,,,,,,,,,,,,,,,,,,,,,,,,,,,,,,,,,,,,,,,,,,,,,,,,,,,,,,,,,,,,,,,1,,,,,,,,,,,,,,,,,,,,,,,,,,,,,,,,,,,,,,,,,,,,,,,,,,,,,,,,,,,,,,,,,,,,,,,,,,,,,,,,,,,,,,,,,,,,,,,,
,,,,,,,,,,,,,,,,,,,,,,,,,,,,,,,,,,,,,,,,,,,,,,,,,,,,,,,,,,,,,,,,,,,,,,,,,,,,,,,,,,,1,,,,,,,,,,,,,,,,,,,,,,,,,,,,,,,,,,,,,,,,,,,,,,,,,,,,,,,,,,,,,,,,,,,,,,,,,,,,,,,,,,,,,,,,,,,,,,,,
,,,,,,,,,,,,,,,,,,,,,,,,,,,,,,,,,,,,,,,,,,,,,,,,,,,,,,,,,,,,,,,,,,,,,,,,,,,,,,,,,,,1,,,,,,,,,,,,,,,,,,,,,,,,,,,,,,,,,,,,,,,,,,,,,,,,,,,,,,,,,,,,,,,,,,,,,,,,,,,,,,,,,,,,,,,,,,,,,,,,
,,,,,,,,,,,,,,,,,,,,,,,,,,,,,,,,,,,,,,,,,,,,,,,,,,,,,,,,,,,,,,,,,,,,,,,,,,,,,,,,,,,1,,,,,,,,,,,,,,,,,,,,,,,,,,,,,,,,,,,,,,,,,,,,,,,,,,,,,,,,,,,,,,,,,,,,,,,,,,,,,,,,,,,,,,,,,,,,,,,,
,,,,,,,,,,,,,,,,,,,,,,,,,,,,,,,,,,,,,,,,,,,,,,,,,,,,,,,,,,,,,,,,,,,,,,,,,,,,,,,,,,,1,,,,,,,,,,,,,,,,,,,,,,,,,,,,,,,,,,,,,,,,,,,,,,,,,,,,,,,,,,,,,,,,,,,,,,,,,,,,,,,,,,,,,,,,,,,,,,,,
,,,,,,,,,,,,,,,,,,,,,,,,,,,,,,,,,,,,,,,,,,,,,,,,,,,,,,,,,,,,,,,,,,,,,,,,,,,,,,,,,,,1,,,,,,,,,,,,,,,,,,,,,,,,,,,,,,,,,,,,,,,,,,,,,,,,,,,,,,,,,,,,,,,,,,,,,,,,,,,,,,,,,,,,,,,,,,,,,,,,
,,,,,,,,,,,,,,,,,,,,,,,,,,,,,,,,,,,,,,,,,,,,,,,,,,,,,,,,,,,,,,,,,,,,,,,,,,,,,,,,,,,1,,,,,,,,,,,,,,,,,,,,,,,,,,,,,,,,,,,,,,,,,,,,,,,,,,,,,,,,,,,,,,,,,,,,,,,,,,,,,,,,,,,,,,,,,,,,,,,,
,,,,,,,,,,,,,,,,,,,,,,,,,,,,,,,,,,,,,,,,,,,,,,,,,,,,,,,,,,,,,,,,,,,,,,,,,,,,,,,,,,,1,,,,,,,,,,,,,,,,,,,,,,,,,,,,,,,,,,,,,,,,,,,,,,,,,,,,,,,,,,,,,,,,,,,,,,,,,,,,,,,,,,,,,,,,,,,,,,,,
,,,,,,,,,,,,,,,,,,,,,,,,,,,,,,,,,,,,,,,,,,,,,,,,,,,,,,,,,,,,,,,,,,,,,,,,,,,,,,,,,,,1,,,,,,,,,,,,,,,,,,,,,,,,,,,,,,,,,,,,,,,,,,,,,,,,,,,,,,,,,,,,,,,,,,,,,,,,,,,,,,,,,,,,,,,,,,,,,,,,
,,,,,,,,,,,,,,,,,,,,,,,,,,,,,,,,,,,,,,,,,,,,,,,,,,,,,,,,,,,,,,,,,,,,,,,,,,,,,,,,,,,1,,,,,,,,,,,,,,,,,,,,,,,,,,,,,,,,,,,,,,,,,,,,,,,,,,,,,,,,,,,,,,,,,,,,,,,,,,,,,,,,,,,,,,,,,,,,,,,,
,,,,,,,,,,,,,,,,,,,,,,,,,,,,,,,,,,,,,,,,,,,,,,,,,,,,,,,,,,,,,,,,,,,,,,,,,,,,,,,,,,,1,,,,,,,,,,,,,,,,,,,,,,,,,,,,,,,,,,,,,,,,,,,,,,,,,,,,,,,,,,,,,,,,,,,,,,,,,,,,,,,,,,,,,,,,,,,,,,,,
,,,,,,,,,,,,,,,,,,,,,,,,,,,,,,,,,,,,,,,,,,,,,,,,,,,,,,,,,,,,,,,,,,,,,,,,,,,,,,,,,,,1,,,,,,,,,,,,,,,,,,,,,,,,,,,,,,,,,,,,,,,,,,,,,,,,,,,,,,,,,,,,,,,,,,,,,,,,,,,,,,,,,,,,,,,,,,,,,,,,
,,,,,,,,,,,,,,,,,,,,,,,,,,,,,,,,,,,,,,,,,,,,,,,,,,,,,,,,,,,,,,,,,,,,,,,,,,,,,,,,,,,1,,,,,,,,,,,,,,,,,,,,,,,,,,,,,,,,,,,,,,,,,,,,,,,,,,,,,,,,,,,,,,,,,,,,,,,,,,,,,,,,,,,,,,,,,,,,,,,,
,,,,,,,,,,,,,,,,,,,,,,,,,,,,,,,,,,,,,,,,,,,,,,,,,,,,,,,,,,,,,,,,,,,,,,,,,,,,,,,,,,,1,,,,,,,,,,,,,,,,,,,,,,,,,,,,,,,,,,,,,,,,,,,,,,,,,,,,,,,,,,,,,,,,,,,,,,,,,,,,,,,,,,,,,,,,,,,,,,,,
,,,,,,,,,,,,,,,,,,,,,,,,,,,,,,,,,,,,,,,,,,,,,,,,,,,,,,,,,,,,,,,,,,,,,,,,,,,,,,,,,,,1,,,,,,,,,,,,,,,,,,,,,,,,,,,,,,,,,,,,,,,,,,,,,,,,,,,,,,,,,,,,,,,,,,,,,,,,,,,,,,,,,,,,,,,,,,,,,,,,
,,,,,,,,,,,,,,,,,,,,,,,,,,,,,,,,,,,,,,,,,,,,,,,,,,,,,,,,,,,,,,,,,,,,,,,,,,,,,,,,,,,1,,,,,,,,,,,,,,,,,,,,,,,,,,,,,,,,,,,,,,,,,,,,,,,,,,,,,,,,,,,,,,,,,,,,,,,,,,,,,,,,,,,,,,,,,,,,,,,,
,,,,,,,,,,,,,,,,,,,,,,,,,,,,,,,,,,,,,,,,,,,,,,,,,,,,,,,,,,,,,,,,,,,,,,,,,,,,,,,,,,,1,,,,,,,,,,,,,,,,,,,,,,,,,,,,,,,,,,,,,,,,,,,,,,,,,,,,,,,,,,,,,,,,,,,,,,,,,,,,,,,,,,,,,,,,,,,,,,,,
,,,,,,,,,,,,,,,,,,,,,,,,,,,,,,,,,,,,,,,,,,,,,,,,,,,,,,,,,,,,,,,,,,,,,,,,,,,,,,,,,,,1,,,,,,,,,,,,,,,,,,,,,,,,,,,,,,,,,,,,,,,,,,,,,,,,,,,,,,,,,,,,,,,,,,,,,,,,,,,,,,,,,,,,,,,,,,,,,,,,
,,,,,,,,,,,,,,,,,,,,,,,,,,,,,,,,,,,,,,,,,,,,,,,,,,,,,,,,,,,,,,,,,,,,,,,,,,,,,,,,,,,1,,,,,,,,,,,,,,,,,,,,,,,,,,,,,,,,,,,,,,,,,,,,,,,,,,,,,,,,,,,,,,,,,,,,,,,,,,,,,,,,,,,,,,,,,,,,,,,,
,,,,,,,,,,,,,,,,,,,,,,,,,,,,,,,,,,,,,,,,,,,,,,,,,,,,,,,,,,,,,,,,,,,,,,,,,,,,,,,,,,,1,,,,,,,,,,,,,,,,,,,,,,,,,,,,,,,,,,,,,,,,,,,,,,,,,,,,,,,,,,,,,,,,,,,,,,,,,,,,,,,,,,,,,,,,,,,,,,,,
,,,,,,,,,,,,,,,,,,,,,,,,,,,,,,,,,,,,,,,,,,,,,,,,,,,,,,,,,,,,,,,,,,,,,,,,,,,,,,,,,,,1,,,,,,,,,,,,,,,,,,,,,,,,,,,,,,,,,,,,,,,,,,,,,,,,,,,,,,,,,,,,,,,,,,,,,,,,,,,,,,,,,,,,,,,,,,,,,,,,
,,,,,,,,,,,,,,,,,,,,,,,,,,,,,,,,,,,,,,,,,,,,,,,,,,,,,,,,,,,,,,,,,,,,,,,,,,,,,,,,,,,1,,,,,,,,,,,,,,,,,,,,,,,,,,,,,,,,,,,,,,,,,,,,,,,,,,,,,,,,,,,,,,,,,,,,,,,,,,,,,,,,,,,,,,,,,,,,,,,,
,,,,,,,,,,,,,,,,,,,,,,,,,,,,,,,,,,,,,,,,,,,,,,,,,,,,,,,,,,,,,,,,,,,,,,,,,,,,,,,,,,,1,,,,,,,,,,,,,,,,,,,,,,,,,,,,,,,,,,,,,,,,,,,,,,,,,,,,,,,,,,,,,,,,,,,,,,,,,,,,,,,,,,,,,,,,,,,,,,,,
,,,,,,,,,,,,,,,,,,,,,,,,,,,,,,,,,,,,,,,,,,,,,,,,,,,,,,,,,,,,,,,,,,,,,,,,,,,,,,,,,,,1,,,,,,,,,,,,,,,,,,,,,,,,,,,,,,,,,,,,,,,,,,,,,,,,,,,,,,,,,,,,,,,,,,,,,,,,,,,,,,,,,,,,,,,,,,,,,,,,
,,,,,,,,,,,,,,,,,,,,,,,,,,,,,,,,,,,,,,,,,,,,,,,,,,,,,,,,,,,,,,,,,,,,,,,,,,,,,,,,,,,1,,,,,,,,,,,,,,,,,,,,,,,,,,,,,,,,,,,,,,,,,,,,,,,,,,,,,,,,,,,,,,,,,,,,,,,,,,,,,,,,,,,,,,,,,,,,,,,,
,,,,,,,,,,,,,,,,,,,,,,,,,,,,,,,,,,,,,,,,,,,,,,,,,,,,,,,,,,,,,,,,,,,,,,,,,,,,,,,,,,,1,,,,,,,,,,,,,,,,,,,,,,,,,,,,,,,,,,,,,,,,,,,,,,,,,,,,,,,,,,,,,,,,,,,,,,,,,,,,,,,,,,,,,,,,,,,,,,,,
,,,,,,,,,,,,,,,,,,,,,,,,,,,,,,,,,,,,,,,,,,,,,,,,,,,,,,,,,,,,,,,,,,,,,,,,,,,,,,,,,,,1,,,,,,,,,,,,,,,,,,,,,,,,,,,,,,,,,,,,,,,,,,,,,,,,,,,,,,,,,,,,,,,,,,,,,,,,,,,,,,,,,,,,,,,,,,,,,,,,
,,,,,,,,,,,,,,,,,,,,,,,,,,,,,,,,,,,,,,,,,,,,,,,,,,,,,,,,,,,,,,,,,,,,,,,,,,,,,,,,,,,1,,,,,,,,,,,,,,,,,,,,,,,,,,,,,,,,,,,,,,,,,,,,,,,,,,,,,,,,,,,,,,,,,,,,,,,,,,,,,,,,,,,,,,,,,,,,,,,,
,,,,,,,,,,,,,,,,,,,,,,,,,,,,,,,,,,,,,,,,,,,,,,,,,,,,,,,,,,,,,,,,,,,,,,,,,,,,,,,,,,,1,,,,,,,,,,,,,,,,,,,,,,,,,,,,,,,,,,,,,,,,,,,,,,,,,,,,,,,,,,,,,,,,,,,,,,,,,,,,,,,,,,,,,,,,,,,,,,,,
,,,,,,,,,,,,,,,,,,,,,,,,,,,,,,,,,,,,,,,,,,,,,,,,,,,,,,,,,,,,,,,,,,,,,,,,,,,,,,,,,,,1,,,,,,,,,,,,,,,,,,,,,,,,,,,,,,,,,,,,,,,,,,,,,,,,,,,,,,,,,,,,,,,,,,,,,,,,,,,,,,,,,,,,,,,,,,,,,,,,
,,,,,,,,,,,,,,,,,,,,,,,,,,,,,,,,,,,,,,,,,,,,,,,,,,,,,,,,,,,,,,,,,,,,,,,,,,,,,,,,,,,1,,,,,,,,,,,,,,,,,,,,,,,,,,,,,,,,,,,,,,,,,,,,,,,,,,,,,,,,,,,,,,,,,,,,,,,,,,,,,,,,,,,,,,,,,,,,,,,,
,,,,,,,,,,,,,,,,,,,,,,,,,,,,,,,,,,,,,,,,,,,,,,,,,,,,,,,,,,,,,,,,,,,,,,,,,,,,,,,,,,,1,,,,,,,,,,,,,,,,,,,,,,,,,,,,,,,,,,,,,,,,,,,,,,,,,,,,,,,,,,,,,,,,,,,,,,,,,,,,,,,,,,,,,,,,,,,,,,,,
,,,,,,,,,,,,,,,,,,,,,,,,,,,,,,,,,,,,,,,,,,,,,,,,,,,,,,,,,,,,,,,,,,,,,,,,,,,,,,,,,,,1,,,,,,,,,,,,,,,,,,,,,,,,,,,,,,,,,,,,,,,,,,,,,,,,,,,,,,,,,,,,,,,,,,,,,,,,,,,,,,,,,,,,,,,,,,,,,,,,
,,,,,,,,,,,,,,,,,,,,,,,,,,,,,,,,,,,,,,,,,,,,,,,,,,,,,,,,,,,,,,,,,,,,,,,,,,,,,,,,,,,1,,,,,,,,,,,,,,,,,,,,,,,,,,,,,,,,,,,,,,,,,,,,,,,,,,,,,,,,,,,,,,,,,,,,,,,,,,,,,,,,,,,,,,,,,,,,,,,,
,,,,,,,,,,,,,,,,,,,,,,,,,,,,,,,,,,,,,,,,,,,,,,,,,,,,,,,,,,,,,,,,,,,,,,,,,,,,,,,,,,,1,,,,,,,,,,,,,,,,,,,,,,,,,,,,,,,,,,,,,,,,,,,,,,,,,,,,,,,,,,,,,,,,,,,,,,,,,,,,,,,,,,,,,,,,,,,,,,,,
,,,,,,,,,,,,,,,,,,,,,,,,,,,,,,,,,,,,,,,,,,,,,,,,,,,,,,,,,,,,,,,,,,,,,,,,,,,,,,,,,,,1,,,,,,,,,,,,,,,,,,,,,,,,,,,,,,,,,,,,,,,,,,,,,,,,,,,,,,,,,,,,,,,,,,,,,,,,,,,,,,,,,,,,,,,,,,,,,,,,
,,,,,,,,,,,,,,,,,,,,,,,,,,,,,,,,,,,,,,,,,,,,,,,,,,,,,,,,,,,,,,,,,,,,,,,,,,,,,,,,,,,1,,,,,,,,,,,,,,,,,,,,,,,,,,,,,,,,,,,,,,,,,,,,,,,,,,,,,,,,,,,,,,,,,,,,,,,,,,,,,,,,,,,,,,,,,,,,,,,,
,,,,,,,,,,,,,,,,,,,,,,,,,,,,,,,,,,,,,,,,,,,,,,,,,,,,,,,,,,,,,,,,,,,,,,,,,,,,,,,,,,,1,,,,,,,,,,,,,,,,,,,,,,,,,,,,,,,,,,,,,,,,,,,,,,,,,,,,,,,,,,,,,,,,,,,,,,,,,,,,,,,,,,,,,,,,,,,,,,,,
,,,,,,,,,,,,,,,,,,,,,,,,,,,,,,,,,,,,,,,,,,,,,,,,,,,,,,,,,,,,,,,,,,,,,,,,,,,,,,,,,,,1,,,,,,,,,,,,,,,,,,,,,,,,,,,,,,,,,,,,,,,,,,,,,,,,,,,,,,,,,,,,,,,,,,,,,,,,,,,,,,,,,,,,,,,,,,,,,,,,
,,,,,,,,,,,,,,,,,,,,,,,,,,,,,,,,,,,,,,,,,,,,,,,,,,,,,,,,,,,,,,,,,,,,,,,,,,,,,,,,,,,1,,,,,,,,,,,,,,,,,,,,,,,,,,,,,,,,,,,,,,,,,,,,,,,,,,,,,,,,,,,,,,,,,,,,,,,,,,,,,,,,,,,,,,,,,,,,,,,,
,,,,,,,,,,,,,,,,,,,,,,,,,,,,,,,,,,,,,,,,,,,,,,,,,,,,,,,,,,,,,,,,,,,,,,,,,,,,,,,,,,,1,,,,,,,,,,,,,,,,,,,,,,,,,,,,,,,,,,,,,,,,,,,,,,,,,,,,,,,,,,,,,,,,,,,,,,,,,,,,,,,,,,,,,,,,,,,,,,,,
,,,,,,,,,,,,,,,,,,,,,,,,,,,,,,,,,,,,,,,,,,,,,,,,,,,,,,,,,,,,,,,,,,,,,,,,,,,,,,,,,,,1,,,,,,,,,,,,,,,,,,,,,,,,,,,,,,,,,,,,,,,,,,,,,,,,,,,,,,,,,,,,,,,,,,,,,,,,,,,,,,,,,,,,,,,,,,,,,,,,
,,,,,,,,,,,,,,,,,,,,,,,,,,,,,,,,,,,,,,,,,,,,,,,,,,,,,,,,,,,,,,,,,,,,,,,,,,,,,,,,,,,1,,,,,,,,,,,,,,,,,,,,,,,,,,,,,,,,,,,,,,,,,,,,,,,,,,,,,,,,,,,,,,,,,,,,,,,,,,,,,,,,,,,,,,,,,,,,,,,,
,,,,,,,,,,,,,,,,,,,,,,,,,,,,,,,,,,,,,,,,,,,,,,,,,,,,,,,,,,,,,,,,,,,,,,,,,,,,,,,,,,,1,,,,,,,,,,,,,,,,,,,,,,,,,,,,,,,,,,,,,,,,,,,,,,,,,,,,,,,,,,,,,,,,,,,,,,,,,,,,,,,,,,,,,,,,,,,,,,,,
,,,,,,,,,,,,,,,,,,,,,,,,,,,,,,,,,,,,,,,,,,,,,,,,,,,,,,,,,,,,,,,,,,,,,,,,,,,,,,,,,,,1,,,,,,,,,,,,,,,,,,,,,,,,,,,,,,,,,,,,,,,,,,,,,,,,,,,,,,,,,,,,,,,,,,,,,,,,,,,,,,,,,,,,,,,,,,,,,,,,
,,,,,,,,,,,,,,,,,,,,,,,,,,,,,,,,,,,,,,,,,,,,,,,,,,,,,,,,,,,,,,,,,,,,,,,,,,,,,,,,,,,1,,,,,,,,,,,,,,,,,,,,,,,,,,,,,,,,,,,,,,,,,,,,,,,,,,,,,,,,,,,,,,,,,,,,,,,,,,,,,,,,,,,,,,,,,,,,,,,,
,,,,,,,,,,,,,,,,,,,,,,,,,,,,,,,,,,,,,,,,,,,,,,,,,,,,,,,,,,,,,,,,,,,,,,,,,,,,,,,,,,,1,,,,,,,,,,,,,,,,,,,,,,,,,,,,,,,,,,,,,,,,,,,,,,,,,,,,,,,,,,,,,,,,,,,,,,,,,,,,,,,,,,,,,,,,,,,,,,,,
,,,,,,,,,,,,,,,,,,,,,,,,,,,,,,,,,,,,,,,,,,,,,,,,,,,,,,,,,,,,,,,,,,,,,,,,,,,,,,,,,,,1,,,,,,,,,,,,,,,,,,,,,,,,,,,,,,,,,,,,,,,,,,,,,,,,,,,,,,,,,,,,,,,,,,,,,,,,,,,,,,,,,,,,,,,,,,,,,,,,
,,,,,,,,,,,,,,,,,,,,,,,,,,,,,,,,,,,,,,,,,,,,,,,,,,,,,,,,,,,,,,,,,,,,,,,,,,,,,,,,,,,1,,,,,,,,,,,,,,,,,,,,,,,,,,,,,,,,,,,,,,,,,,,,,,,,,,,,,,,,,,,,,,,,,,,,,,,,,,,,,,,,,,,,,,,,,,,,,,,,
,,,,,,,,,,,,,,,,,,,,,,,,,,,,,,,,,,,,,,,,,,,,,,,,,,,,,,,,,,,,,,,,,,,,,,,,,,,,,,,,,,,1,,,,,,,,,,,,,,,,,,,,,,,,,,,,,,,,,,,,,,,,,,,,,,,,,,,,,,,,,,,,,,,,,,,,,,,,,,,,,,,,,,,,,,,,,,,,,,,,
,,,,,,,,,,,,,,,,,,,,,,,,,,,,,,,,,,,,,,,,,,,,,,,,,,,,,,,,,,,,,,,,,,,,,,,,,,,,,,,,,,,1,,,,,,,,,,,,,,,,,,,,,,,,,,,,,,,,,,,,,,,,,,,,,,,,,,,,,,,,,,,,,,,,,,,,,,,,,,,,,,,,,,,,,,,,,,,,,,,,
,,,,,,,,,,,,,,,,,,,,,,,,,,,,,,,,,,,,,,,,,,,,,,,,,,,,,,,,,,,,,,,,,,,,,,,,,,,,,,,,,,,1,,,,,,,,,,,,,,,,,,,,,,,,,,,,,,,,,,,,,,,,,,,,,,,,,,,,,,,,,,,,,,,,,,,,,,,,,,,,,,,,,,,,,,,,,,,,,,,,
,,,,,,,,,,,,,,,,,,,,,,,,,,,,,,,,,,,,,,,,,,,,,,,,,,,,,,,,,,,,,,,,,,,,,,,,,,,,,,,,,,,1,,,,,,,,,,,,,,,,,,,,,,,,,,,,,,,,,,,,,,,,,,,,,,,,,,,,,,,,,,,,,,,,,,,,,,,,,,,,,,,,,,,,,,,,,,,,,,,,
,,,,,,,,,,,,,,,,,,,,,,,,,,,,,,,,,,,,,,,,,,,,,,,,,,,,,,,,,,,,,,,,,,,,,,,,,,,,,,,,,,,1,,,,,,,,,,,,,,,,,,,,,,,,,,,,,,,,,,,,,,,,,,,,,,,,,,,,,,,,,,,,,,,,,,,,,,,,,,,,,,,,,,,,,,,,,,,,,,,,
,,,,,,,,,,,,,,,,,,,,,,,,,,,,,,,,,,,,,,,,,,,,,,,,,,,,,,,,,,,,,,,,,,,,,,,,,,,,,,,,,,,1,,,,,,,,,,,,,,,,,,,,,,,,,,,,,,,,,,,,,,,,,,,,,,,,,,,,,,,,,,,,,,,,,,,,,,,,,,,,,,,,,,,,,,,,,,,,,,,,
,,,,,,,,,,,,,,,,,,,,,,,,,,,,,,,,,,,,,,,,,,,,,,,,,,,,,,,,,,,,,,,,,,,,,,,,,,,,,,,,,,,1,,,,,,,,,,,,,,,,,,,,,,,,,,,,,,,,,,,,,,,,,,,,,,,,,,,,,,,,,,,,,,,,,,,,,,,,,,,,,,,,,,,,,,,,,,,,,,,,
,,,,,,,,,,,,,,,,,,,,,,,,,,,,,,,,,,,,,,,,,,,,,,,,,,,,,,,,,,,,,,,,,,,,,,,,,,,,,,,,,,,1,,,,,,,,,,,,,,,,,,,,,,,,,,,,,,,,,,,,,,,,,,,,,,,,,,,,,,,,,,,,,,,,,,,,,,,,,,,,,,,,,,,,,,,,,,,,,,,,
,,,,,,,,,,,,,,,,,,,,,,,,,,,,,,,,,,,,,,,,,,,,,,,,,,,,,,,,,,,,,,,,,,,,,,,,,,,,,,,,,,,1,,,,,,,,,,,,,,,,,,,,,,,,,,,,,,,,,,,,,,,,,,,,,,,,,,,,,,,,,,,,,,,,,,,,,,,,,,,,,,,,,,,,,,,,,,,,,,,,
,,,,,,,,,,,,,,,,,,,,,,,,,,,,,,,,,,,,,,,,,,,,,,,,,,,,,,,,,,,,,,,,,,,,,,,,,,,,,,,,,,,1,,,,,,,,,,,,,,,,,,,,,,,,,,,,,,,,,,,,,,,,,,,,,,,,,,,,,,,,,,,,,,,,,,,,,,,,,,,,,,,,,,,,,,,,,,,,,,,,
,,,,,,,,,,,,,,,,,,,,,,,,,,,,,,,,,,,,,,,,,,,,,,,,,,,,,,,,,,,,,,,,,,,,,,,,,,,,,,,,,,,1,,,,,,,,,,,,,,,,,,,,,,,,,,,,,,,,,,,,,,,,,,,,,,,,,,,,,,,,,,,,,,,,,,,,,,,,,,,,,,,,,,,,,,,,,,,,,,,,
,,,,,,,,,,,,,,,,,,,,,,,,,,,,,,,,,,,,,,,,,,,,,,,,,,,,,,,,,,,,,,,,,,,,,,,,,,,,,,,,,,,1,,,,,,,,,,,,,,,,,,,,,,,,,,,,,,,,,,,,,,,,,,,,,,,,,,,,,,,,,,,,,,,,,,,,,,,,,,,,,,,,,,,,,,,,,,,,,,,,
,,,,,,,,,,,,,,,,,,,,,,,,,,,,,,,,,,,,,,,,,,,,,,,,,,,,,,,,,,,,,,,,,,,,,,,,,,,,,,,,,,,1,,,,,,,,,,,,,,,,,,,,,,,,,,,,,,,,,,,,,,,,,,,,,,,,,,,,,,,,,,,,,,,,,,,,,,,,,,,,,,,,,,,,,,,,,,,,,,,,
,,,,,,,,,,,,,,,,,,,,,,,,,,,,,,,,,,,,,,,,,,,,,,,,,,,,,,,,,,,,,,,,,,,,,,,,,,,,,,,,,,,1,,,,,,,,,,,,,,,,,,,,,,,,,,,,,,,,,,,,,,,,,,,,,,,,,,,,,,,,,,,,,,,,,,,,,,,,,,,,,,,,,,,,,,,,,,,,,,,,
,,,,,,,,,,,,,,,,,,,,,,,,,,,,,,,,,,,,,,,,,,,,,,,,,,,,,,,,,,,,,,,,,,,,,,,,,,,,,,,,,,,1,,,,,,,,,,,,,,,,,,,,,,,,,,,,,,,,,,,,,,,,,,,,,,,,,,,,,,,,,,,,,,,,,,,,,,,,,,,,,,,,,,,,,,,,,,,,,,,,
,,,,,,,,,,,,,,,,,,,,,,,,,,,,,,,,,,,,,,,,,,,,,,,,,,,,,,,,,,,,,,,,,,,,,,,,,,,,,,,,,,,1,,,,,,,,,,,,,,,,,,,,,,,,,,,,,,,,,,,,,,,,,,,,,,,,,,,,,,,,,,,,,,,,,,,,,,,,,,,,,,,,,,,,,,,,,,,,,,,,
,,,,,,,,,,,,,,,,,,,,,,,,,,,,,,,,,,,,,,,,,,,,,,,,,,,,,,,,,,,,,,,,,,,,,,,,,,,,,,,,,,,1,,,,,,,,,,,,,,,,,,,,,,,,,,,,,,,,,,,,,,,,,,,,,,,,,,,,,,,,,,,,,,,,,,,,,,,,,,,,,,,,,,,,,,,,,,,,,,,,
,,,,,,,,,,,,,,,,,,,,,,,,,,,,,,,,,,,,,,,,,,,,,,,,,,,,,,,,,,,,,,,,,,,,,,,,,,,,,,,,,,,1,,,,,,,,,,,,,,,,,,,,,,,,,,,,,,,,,,,,,,,,,,,,,,,,,,,,,,,,,,,,,,,,,,,,,,,,,,,,,,,,,,,,,,,,,,,,,,,,
,,,,,,,,,,,,,,,,,,,,,,,,,,,,,,,,,,,,,,,,,,,,,,,,,,,,,,,,,,,,,,,,,,,,,,,,,,,,,,,,,,,1,,,,,,,,,,,,,,,,,,,,,,,,,,,,,,,,,,,,,,,,,,,,,,,,,,,,,,,,,,,,,,,,,,,,,,,,,,,,,,,,,,,,,,,,,,,,,,,,
,,,,,,,,,,,,,,,,,,,,,,,,,,,,,,,,,,,,,,,,,,,,,,,,,,,,,,,,,,,,,,,,,,,,,,,,,,,,,,,,,,,1,,,,,,,,,,,,,,,,,,,,,,,,,,,,,,,,,,,,,,,,,,,,,,,,,,,,,,,,,,,,,,,,,,,,,,,,,,,,,,,,,,,,,,,,,,,,,,,,
,,,,,,,,,,,,,,,,,,,,,,,,,,,,,,,,,,,,,,,,,,,,,,,,,,,,,,,,,,,,,,,,,,,,,,,,,,,,,,,,,,,1,,,,,,,,,,,,,,,,,,,,,,,,,,,,,,,,,,,,,,,,,,,,,,,,,,,,,,,,,,,,,,,,,,,,,,,,,,,,,,,,,,,,,,,,,,,,,,,,
,,,,,,,,,,,,,,,,,,,,,,,,,,,,,,,,,,,,,,,,,,,,,,,,,,,,,,,,,,,,,,,,,,,,,,,,,,,,,,,,,,,1,,,,,,,,,,,,,,,,,,,,,,,,,,,,,,,,,,,,,,,,,,,,,,,,,,,,,,,,,,,,,,,,,,,,,,,,,,,,,,,,,,,,,,,,,,,,,,,,
,,,,,,,,,,,,,,,,,,,,,,,,,,,,,,,,,,,,,,,,,,,,,,,,,,,,,,,,,,,,,,,,,,,,,,,,,,,,,,,,,,,1,,,,,,,,,,,,,,,,,,,,,,,,,,,,,,,,,,,,,,,,,,,,,,,,,,,,,,,,,,,,,,,,,,,,,,,,,,,,,,,,,,,,,,,,,,,,,,,,
,,,,,,,,,,,,,,,,,,,,,,,,,,,,,,,,,,,,,,,,,,,,,,,,,,,,,,,,,,,,,,,,,,,,,,,,,,,,,,,,,,,1,,,,,,,,,,,,,,,,,,,,,,,,,,,,,,,,,,,,,,,,,,,,,,,,,,,,,,,,,,,,,,,,,,,,,,,,,,,,,,,,,,,,,,,,,,,,,,,,
,,,,,,,,,,,,,,,,,,,,,,,,,,,,,,,,,,,,,,,,,,,,,,,,,,,,,,,,,,,,,,,,,,,,,,,,,,,,,,,,,,,1,,,,,,,,,,,,,,,,,,,,,,,,,,,,,,,,,,,,,,,,,,,,,,,,,,,,,,,,,,,,,,,,,,,,,,,,,,,,,,,,,,,,,,,,,,,,,,,,
,,,,,,,,,,,,,,,,,,,,,,,,,,,,,,,,,,,,,,,,,,,,,,,,,,,,,,,,,,,,,,,,,,,,,,,,,,,,,,,,,,,1,,,,,,,,,,,,,,,,,,,,,,,,,,,,,,,,,,,,,,,,,,,,,,,,,,,,,,,,,,,,,,,,,,,,,,,,,,,,,,,,,,,,,,,,,,,,,,,,
,,,,,,,,,,,,,,,,,,,,,,,,,,,,,,,,,,,,,,,,,,,,,,,,,,,,,,,,,,,,,,,,,,,,,,,,,,,,,,,,,,,1,,,,,,,,,,,,,,,,,,,,,,,,,,,,,,,,,,,,,,,,,,,,,,,,,,,,,,,,,,,,,,,,,,,,,,,,,,,,,,,,,,,,,,,,,,,,,,,,
,,,,,,,,,,,,,,,,,,,,,,,,,,,,,,,,,,,,,,,,,,,,,,,,,,,,,,,,,,,,,,,,,,,,,,,,,,,,,,,,,,,1,,,,,,,,,,,,,,,,,,,,,,,,,,,,,,,,,,,,,,,,,,,,,,,,,,,,,,,,,,,,,,,,,,,,,,,,,,,,,,,,,,,,,,,,,,,,,,,,
,,,,,,,,,,,,,,,,,,,,,,,,,,,,,,,,,,,,,,,,,,,,,,,,,,,,,,,,,,,,,,,,,,,,,,,,,,,,,,,,,,,1,,,,,,,,,,,,,,,,,,,,,,,,,,,,,,,,,,,,,,,,,,,,,,,,,,,,,,,,,,,,,,,,,,,,,,,,,,,,,,,,,,,,,,,,,,,,,,,,
,,,,,,,,,,,,,,,,,,,,,,,,,,,,,,,,,,,,,,,,,,,,,,,,,,,,,,,,,,,,,,,,,,,,,,,,,,,,,,,,,,,1,,,,,,,,,,,,,,,,,,,,,,,,,,,,,,,,,,,,,,,,,,,,,,,,,,,,,,,,,,,,,,,,,,,,,,,,,,,,,,,,,,,,,,,,,,,,,,,,
,,,,,,,,,,,,,,,,,,,,,,,,,,,,,,,,,,,,,,,,,,,,,,,,,,,,,,,,,,,,,,,,,,,,,,,,,,,,,,,,,,,1,,,,,,,,,,,,,,,,,,,,,,,,,,,,,,,,,,,,,,,,,,,,,,,,,,,,,,,,,,,,,,,,,,,,,,,,,,,,,,,,,,,,,,,,,,,,,,,,
,,,,,,,,,,,,,,,,,,,,,,,,,,,,,,,,,,,,,,,,,,,,,,,,,,,,,,,,,,,,,,,,,,,,,,,,,,,,,,,,,,,1,,,,,,,,,,,,,,,,,,,,,,,,,,,,,,,,,,,,,,,,,,,,,,,,,,,,,,,,,,,,,,,,,,,,,,,,,,,,,,,,,,,,,,,,,,,,,,,,
,,,,,,,,,,,,,,,,,,,,,,,,,,,,,,,,,,,,,,,,,,,,,,,,,,,,,,,,,,,,,,,,,,,,,,,,,,,,,,,,,,,1,,,,,,,,,,,,,,,,,,,,,,,,,,,,,,,,,,,,,,,,,,,,,,,,,,,,,,,,,,,,,,,,,,,,,,,,,,,,,,,,,,,,,,,,,,,,,,,,
,,,,,,,,,,,,,,,,,,,,,,,,,,,,,,,,,,,,,,,,,,,,,,,,,,,,,,,,,,,,,,,,,,,,,,,,,,,,,,,,,,,1,,,,,,,,,,,,,,,,,,,,,,,,,,,,,,,,,,,,,,,,,,,,,,,,,,,,,,,,,,,,,,,,,,,,,,,,,,,,,,,,,,,,,,,,,,,,,,,,
,,,,,,,,,,,,,,,,,,,,,,,,,,,,,,,,,,,,,,,,,,,,,,,,,,,,,,,,,,,,,,,,,,,,,,,,,,,,,,,,,,,1,,,,,,,,,,,,,,,,,,,,,,,,,,,,,,,,,,,,,,,,,,,,,,,,,,,,,,,,,,,,,,,,,,,,,,,,,,,,,,,,,,,,,,,,,,,,,,,,
,,,,,,,,,,,,,,,,,,,,,,,,,,,,,,,,,,,,,,,,,,,,,,,,,,,,,,,,,,,,,,,,,,,,,,,,,,,,,,,,,,,1,,,,,,,,,,,,,,,,,,,,,,,,,,,,,,,,,,,,,,,,,,,,,,,,,,,,,,,,,,,,,,,,,,,,,,,,,,,,,,,,,,,,,,,,,,,,,,,,
,,,,,,,,,,,,,,,,,,,,,,,,,,,,,,,,,,,,,,,,,,,,,,,,,,,,,,,,,,,,,,,,,,,,,,,,,,,,,,,,,,,1,,,,,,,,,,,,,,,,,,,,,,,,,,,,,,,,,,,,,,,,,,,,,,,,,,,,,,,,,,,,,,,,,,,,,,,,,,,,,,,,,,,,,,,,,,,,,,,,
,,,,,,,,,,,,,,,,,,,,,,,,,,,,,,,,,,,,,,,,,,,,,,,,,,,,,,,,,,,,,,,,,,,,,,,,,,,,,,,,,,,1,,,,,,,,,,,,,,,,,,,,,,,,,,,,,,,,,,,,,,,,,,,,,,,,,,,,,,,,,,,,,,,,,,,,,,,,,,,,,,,,,,,,,,,,,,,,,,,,
,,,,,,,,,,,,,,,,,,,,,,,,,,,,,,,,,,,,,,,,,,,,,,,,,,,,,,,,,,,,,,,,,,,,,,,,,,,,,,,,,,,1,,,,,,,,,,,,,,,,,,,,,,,,,,,,,,,,,,,,,,,,,,,,,,,,,,,,,,,,,,,,,,,,,,,,,,,,,,,,,,,,,,,,,,,,,,,,,,,,
,,,,,,,,,,,,,,,,,,,,,,,,,,,,,,,,,,,,,,,,,,,,,,,,,,,,,,,,,,,,,,,,,,,,,,,,,,,,,,,,,,,1,,,,,,,,,,,,,,,,,,,,,,,,,,,,,,,,,,,,,,,,,,,,,,,,,,,,,,,,,,,,,,,,,,,,,,,,,,,,,,,,,,,,,,,,,,,,,,,,
,,,,,,,,,,,,,,,,,,,,,,,,,,,,,,,,,,,,,,,,,,,,,,,,,,,,,,,,,,,,,,,,,,,,,,,,,,,,,,,,,,,1,,,,,,,,,,,,,,,,,,,,,,,,,,,,,,,,,,,,,,,,,,,,,,,,,,,,,,,,,,,,,,,,,,,,,,,,,,,,,,,,,,,,,,,,,,,,,,,,
,,,,,,,,,,,,,,,,,,,,,,,,,,,,,,,,,,,,,,,,,,,,,,,,,,,,,,,,,,,,,,,,,,,,,,,,,,,,,,,,,,,1,,,,,,,,,,,,,,,,,,,,,,,,,,,,,,,,,,,,,,,,,,,,,,,,,,,,,,,,,,,,,,,,,,,,,,,,,,,,,,,,,,,,,,,,,,,,,,,,
,,,,,,,,,,,,,,,,,,,,,,,,,,,,,,,,,,,,,,,,,,,,,,,,,,,,,,,,,,,,,,,,,,,,,,,,,,,,,,,,,,,1,,,,,,,,,,,,,,,,,,,,,,,,,,,,,,,,,,,,,,,,,,,,,,,,,,,,,,,,,,,,,,,,,,,,,,,,,,,,,,,,,,,,,,,,,,,,,,,,
,,,,,,,,,,,,,,,,,,,,,,,,,,,,,,,,,,,,,,,,,,,,,,,,,,,,,,,,,,,,,,,,,,,,,,,,,,,,,,,,,,,1,,,,,,,,,,,,,,,,,,,,,,,,,,,,,,,,,,,,,,,,,,,,,,,,,,,,,,,,,,,,,,,,,,,,,,,,,,,,,,,,,,,,,,,,,,,,,,,,
,,,,,,,,,,,,,,,,,,,,,,,,,,,,,,,,,,,,,,,,,,,,,,,,,,,,,,,,,,,,,,,,,,,,,,,,,,,,,,,,,,,1,,,,,,,,,,,,,,,,,,,,,,,,,,,,,,,,,,,,,,,,,,,,,,,,,,,,,,,,,,,,,,,,,,,,,,,,,,,,,,,,,,,,,,,,,,,,,,,,
,,,,,,,,,,,,,,,,,,,,,,,,,,,,,,,,,,,,,,,,,,,,,,,,,,,,,,,,,,,,,,,,,,,,,,,,,,,,,,,,,,,1,,,,,,,,,,,,,,,,,,,,,,,,,,,,,,,,,,,,,,,,,,,,,,,,,,,,,,,,,,,,,,,,,,,,,,,,,,,,,,,,,,,,,,,,,,,,,,,,
,,,,,,,,,,,,,,,,,,,,,,,,,,,,,,,,,,,,,,,,,,,,,,,,,,,,,,,,,,,,,,,,,,,,,,,,,,,,,,,,,,,1,,,,,,,,,,,,,,,,,,,,,,,,,,,,,,,,,,,,,,,,,,,,,,,,,,,,,,,,,,,,,,,,,,,,,,,,,,,,,,,,,,,,,,,,,,,,,,,,
,,,,,,,,,,,,,,,,,,,,,,,,,,,,,,,,,,,,,,,,,,,,,,,,,,,,,,,,,,,,,,,,,,,,,,,,,,,,,,,,,,,1,,,,,,,,,,,,,,,,,,,,,,,,,,,,,,,,,,,,,,,,,,,,,,,,,,,,,,,,,,,,,,,,,,,,,,,,,,,,,,,,,,,,,,,,,,,,,,,,
,,,,,,,,,,,,,,,,,,,,,,,,,,,,,,,,,,,,,,,,,,,,,,,,,,,,,,,,,,,,,,,,,,,,,,,,,,,,,,,,,,,1,,,,,,,,,,,,,,,,,,,,,,,,,,,,,,,,,,,,,,,,,,,,,,,,,,,,,,,,,,,,,,,,,,,,,,,,,,,,,,,,,,,,,,,,,,,,,,,,
,,,,,,,,,,,,,,,,,,,,,,,,,,,,,,,,,,,,,,,,,,,,,,,,,,,,,,,,,,,,,,,,,,,,,,,,,,,,,,,,,,,1,,,,,,,,,,,,,,,,,,,,,,,,,,,,,,,,,,,,,,,,,,,,,,,,,,,,,,,,,,,,,,,,,,,,,,,,,,,,,,,,,,,,,,,,,,,,,,,,
,,,,,,,,,,,,,,,,,,,,,,,,,,,,,,,,,,,,,,,,,,,,,,,,,,,,,,,,,,,,,,,,,,,,,,,,,,,,,,,,,,,1,,,,,,,,,,,,,,,,,,,,,,,,,,,,,,,,,,,,,,,,,,,,,,,,,,,,,,,,,,,,,,,,,,,,,,,,,,,,,,,,,,,,,,,,,,,,,,,,
,,,,,,,,,,,,,,,,,,,,,,,,,,,,,,,,,,,,,,,,,,,,,,,,,,,,,,,,,,,,,,,,,,,,,,,,,,,,,,,,,,,1,,,,,,,,,,,,,,,,,,,,,,,,,,,,,,,,,,,,,,,,,,,,,,,,,,,,,,,,,,,,,,,,,,,,,,,,,,,,,,,,,,,,,,,,,,,,,,,,
,,,,,,,,,,,,,,,,,,,,,,,,,,,,,,,,,,,,,,,,,,,,,,,,,,,,,,,,,,,,,,,,,,,,,,,,,,,,,,,,,,,1,,,,,,,,,,,,,,,,,,,,,,,,,,,,,,,,,,,,,,,,,,,,,,,,,,,,,,,,,,,,,,,,,,,,,,,,,,,,,,,,,,,,,,,,,,,,,,,,
,,,,,,,,,,,,,,,,,,,,,,,,,,,,,,,,,,,,,,,,,,,,,,,,,,,,,,,,,,,,,,,,,,,,,,,,,,,,,,,,,,,1,,,,,,,,,,,,,,,,,,,,,,,,,,,,,,,,,,,,,,,,,,,,,,,,,,,,,,,,,,,,,,,,,,,,,,,,,,,,,,,,,,,,,,,,,,,,,,,,
,,,,,,,,,,,,,,,,,,,,,,,,,,,,,,,,,,,,,,,,,,,,,,,,,,,,,,,,,,,,,,,,,,,,,,,,,,,,,,,,,,,1,,,,,,,,,,,,,,,,,,,,,,,,,,,,,,,,,,,,,,,,,,,,,,,,,,,,,,,,,,,,,,,,,,,,,,,,,,,,,,,,,,,,,,,,,,,,,,,,
,,,,,,,,,,,,,,,,,,,,,,,,,,,,,,,,,,,,,,,,,,,,,,,,,,,,,,,,,,,,,,,,,,,,,,,,,,,,,,,,,,,1,,,,,,,,,,,,,,,,,,,,,,,,,,,,,,,,,,,,,,,,,,,,,,,,,,,,,,,,,,,,,,,,,,,,,,,,,,,,,,,,,,,,,,,,,,,,,,,,
,,,,,,,,,,,,,,,,,,,,,,,,,,,,,,,,,,,,,,,,,,,,,,,,,,,,,,,,,,,,,,,,,,,,,,,,,,,,,,,,,,,1,,,,,,,,,,,,,,,,,,,,,,,,,,,,,,,,,,,,,,,,,,,,,,,,,,,,,,,,,,,,,,,,,,,,,,,,,,,,,,,,,,,,,,,,,,,,,,,,
,,,,,,,,,,,,,,,,,,,,,,,,,,,,,,,,,,,,,,,,,,,,,,,,,,,,,,,,,,,,,,,,,,,,,,,,,,,,,,,,,,,1,,,,,,,,,,,,,,,,,,,,,,,,,,,,,,,,,,,,,,,,,,,,,,,,,,,,,,,,,,,,,,,,,,,,,,,,,,,,,,,,,,,,,,,,,,,,,,,,
,,,,,,,,,,,,,,,,,,,,,,,,,,,,,,,,,,,,,,,,,,,,,,,,,,,,,,,,,,,,,,,,,,,,,,,,,,,,,,,,,,,1,,,,,,,,,,,,,,,,,,,,,,,,,,,,,,,,,,,,,,,,,,,,,,,,,,,,,,,,,,,,,,,,,,,,,,,,,,,,,,,,,,,,,,,,,,,,,,,,
,,,,,,,,,,,,,,,,,,,,,,,,,,,,,,,,,,,,,,,,,,,,,,,,,,,,,,,,,,,,,,,,,,,,,,,,,,,,,,,,,,,1,,,,,,,,,,,,,,,,,,,,,,,,,,,,,,,,,,,,,,,,,,,,,,,,,,,,,,,,,,,,,,,,,,,,,,,,,,,,,,,,,,,,,,,,,,,,,,,,
,,,,,,,,,,,,,,,,,,,,,,,,,,,,,,,,,,,,,,,,,,,,,,,,,,,,,,,,,,,,,,,,,,,,,,,,,,,,,,,,,,,1,,,,,,,,,,,,,,,,,,,,,,,,,,,,,,,,,,,,,,,,,,,,,,,,,,,,,,,,,,,,,,,,,,,,,,,,,,,,,,,,,,,,,,,,,,,,,,,,
,,,,,,,,,,,,,,,,,,,,,,,,,,,,,,,,,,,,,,,,,,,,,,,,,,,,,,,,,,,,,,,,,,,,,,,,,,,,,,,,,,,1,,,,,,,,,,,,,,,,,,,,,,,,,,,,,,,,,,,,,,,,,,,,,,,,,,,,,,,,,,,,,,,,,,,,,,,,,,,,,,,,,,,,,,,,,,,,,,,,
,,,,,,,,,,,,,,,,,,,,,,,,,,,,,,,,,,,,,,,,,,,,,,,,,,,,,,,,,,,,,,,,,,,,,,,,,,,,,,,,,,,1,,,,,,,,,,,,,,,,,,,,,,,,,,,,,,,,,,,,,,,,,,,,,,,,,,,,,,,,,,,,,,,,,,,,,,,,,,,,,,,,,,,,,,,,,,,,,,,,
,,,,,,,,,,,,,,,,,,,,,,,,,,,,,,,,,,,,,,,,,,,,,,,,,,,,,,,,,,,,,,,,,,,,,,,,,,,,,,,,,,,1,,,,,,,,,,,,,,,,,,,,,,,,,,,,,,,,,,,,,,,,,,,,,,,,,,,,,,,,,,,,,,,,,,,,,,,,,,,,,,,,,,,,,,,,,,,,,,,,
,,,,,,,,,,,,,,,,,,,,,,,,,,,,,,,,,,,,,,,,,,,,,,,,,,,,,,,,,,,,,,,,,,,,,,,,,,,,,,,,,,,1,,,,,,,,,,,,,,,,,,,,,,,,,,,,,,,,,,,,,,,,,,,,,,,,,,,,,,,,,,,,,,,,,,,,,,,,,,,,,,,,,,,,,,,,,,,,,,,,
,,,,,,,,,,,,,,,,,,,,,,,,,,,,,,,,,,,,,,,,,,,,,,,,,,,,,,,,,,,,,,,,,,,,,,,,,,,,,,,,,,,1,,,,,,,,,,,,,,,,,,,,,,,,,,,,,,,,,,,,,,,,,,,,,,,,,,,,,,,,,,,,,,,,,,,,,,,,,,,,,,,,,,,,,,,,,,,,,,,,
,,,,,,,,,,,,,,,,,,,,,,,,,,,,,,,,,,,,,,,,,,,,,,,,,,,,,,,,,,,,,,,,,,,,,,,,,,,,,,,,,,,1,,,,,,,,,,,,,,,,,,,,,,,,,,,,,,,,,,,,,,,,,,,,,,,,,,,,,,,,,,,,,,,,,,,,,,,,,,,,,,,,,,,,,,,,,,,,,,,,
,,,,,,,,,,,,,,,,,,,,,,,,,,,,,,,,,,,,,,,,,,,,,,,,,,,,,,,,,,,,,,,,,,,,,,,,,,,,,,,,,,,1,,,,,,,,,,,,,,,,,,,,,,,,,,,,,,,,,,,,,,,,,,,,,,,,,,,,,,,,,,,,,,,,,,,,,,,,,,,,,,,,,,,,,,,,,,,,,,,,
,,,,,,,,,,,,,,,,,,,,,,,,,,,,,,,,,,,,,,,,,,,,,,,,,,,,,,,,,,,,,,,,,,,,,,,,,,,,,,,,,,,1,,,,,,,,,,,,,,,,,,,,,,,,,,,,,,,,,,,,,,,,,,,,,,,,,,,,,,,,,,,,,,,,,,,,,,,,,,,,,,,,,,,,,,,,,,,,,,,,
,,,,,,,,,,,,,,,,,,,,,,,,,,,,,,,,,,,,,,,,,,,,,,,,,,,,,,,,,,,,,,,,,,,,,,,,,,,,,,,,,,,1,,,,,,,,,,,,,,,,,,,,,,,,,,,,,,,,,,,,,,,,,,,,,,,,,,,,,,,,,,,,,,,,,,,,,,,,,,,,,,,,,,,,,,,,,,,,,,,,
,,,,,,,,,,,,,,,,,,,,,,,,,,,,,,,,,,,,,,,,,,,,,,,,,,,,,,,,,,,,,,,,,,,,,,,,,,,,,,,,,,,1,,,,,,,,,,,,,,,,,,,,,,,,,,,,,,,,,,,,,,,,,,,,,,,,,,,,,,,,,,,,,,,,,,,,,,,,,,,,,,,,,,,,,,,,,,,,,,,,
,,,,,,,,,,,,,,,,,,,,,,,,,,,,,,,,,,,,,,,,,,,,,,,,,,,,,,,,,,,,,,,,,,,,,,,,,,,,,,,,,,,1,,,,,,,,,,,,,,,,,,,,,,,,,,,,,,,,,,,,,,,,,,,,,,,,,,,,,,,,,,,,,,,,,,,,,,,,,,,,,,,,,,,,,,,,,,,,,,,,
,,,,,,,,,,,,,,,,,,,,,,,,,,,,,,,,,,,,,,,,,,,,,,,,,,,,,,,,,,,,,,,,,,,,,,,,,,,,,,,,,,,1,,,,,,,,,,,,,,,,,,,,,,,,,,,,,,,,,,,,,,,,,,,,,,,,,,,,,,,,,,,,,,,,,,,,,,,,,,,,,,,,,,,,,,,,,,,,,,,,
,,,,,,,,,,,,,,,,,,,,,,,,,,,,,,,,,,,,,,,,,,,,,,,,,,,,,,,,,,,,,,,,,,,,,,,,,,,,,,,,,,,1,,,,,,,,,,,,,,,,,,,,,,,,,,,,,,,,,,,,,,,,,,,,,,,,,,,,,,,,,,,,,,,,,,,,,,,,,,,,,,,,,,,,,,,,,,,,,,,,
,,,,,,,,,,,,,,,,,,,,,,,,,,,,,,,,,,,,,,,,,,,,,,,,,,,,,,,,,,,,,,,,,,,,,,,,,,,,,,,,,,,1,,,,,,,,,,,,,,,,,,,,,,,,,,,,,,,,,,,,,,,,,,,,,,,,,,,,,,,,,,,,,,,,,,,,,,,,,,,,,,,,,,,,,,,,,,,,,,,,
,,,,,,,,,,,,,,,,,,,,,,,,,,,,,,,,,,,,,,,,,,,,,,,,,,,,,,,,,,,,,,,,,,,,,,,,,,,,,,,,,,,1,,,,,,,,,,,,,,,,,,,,,,,,,,,,,,,,,,,,,,,,,,,,,,,,,,,,,,,,,,,,,,,,,,,,,,,,,,,,,,,,,,,,,,,,,,,,,,,,
,,,,,,,,,,,,,,,,,,,,,,,,,,,,,,,,,,,,,,,,,,,,,,,,,,,,,,,,,,,,,,,,,,,,,,,,,,,,,,,,,,,1,,,,,,,,,,,,,,,,,,,,,,,,,,,,,,,,,,,,,,,,,,,,,,,,,,,,,,,,,,,,,,,,,,,,,,,,,,,,,,,,,,,,,,,,,,,,,,,,
,,,,,,,,,,,,,,,,,,,,,,,,,,,,,,,,,,,,,,,,,,,,,,,,,,,,,,,,,,,,,,,,,,,,,,,,,,,,,,,,,,,1,,,,,,,,,,,,,,,,,,,,,,,,,,,,,,,,,,,,,,,,,,,,,,,,,,,,,,,,,,,,,,,,,,,,,,,,,,,,,,,,,,,,,,,,,,,,,,,,
,,,,,,,,,,,,,,,,,,,,,,,,,,,,,,,,,,,,,,,,,,,,,,,,,,,,,,,,,,,,,,,,,,,,,,,,,,,,,,,,,,,1,,,,,,,,,,,,,,,,,,,,,,,,,,,,,,,,,,,,,,,,,,,,,,,,,,,,,,,,,,,,,,,,,,,,,,,,,,,,,,,,,,,,,,,,,,,,,,,,
,,,,,,,,,,,,,,,,,,,,,,,,,,,,,,,,,,,,,,,,,,,,,,,,,,,,,,,,,,,,,,,,,,,,,,,,,,,,,,,,,,,1,,,,,,,,,,,,,,,,,,,,,,,,,,,,,,,,,,,,,,,,,,,,,,,,,,,,,,,,,,,,,,,,,,,,,,,,,,,,,,,,,,,,,,,,,,,,,,,,
,,,,,,,,,,,,,,,,,,,,,,,,,,,,,,,,,,,,,,,,,,,,,,,,,,,,,,,,,,,,,,,,,,,,,,,,,,,,,,,,,,,1,,,,,,,,,,,,,,,,,,,,,,,,,,,,,,,,,,,,,,,,,,,,,,,,,,,,,,,,,,,,,,,,,,,,,,,,,,,,,,,,,,,,,,,,,,,,,,,,
,,,,,,,,,,,,,,,,,,,,,,,,,,,,,,,,,,,,,,,,,,,,,,,,,,,,,,,,,,,,,,,,,,,,,,,,,,,,,,,,,,,1,,,,,,,,,,,,,,,,,,,,,,,,,,,,,,,,,,,,,,,,,,,,,,,,,,,,,,,,,,,,,,,,,,,,,,,,,,,,,,,,,,,,,,,,,,,,,,,,
,,,,,,,,,,,,,,,,,,,,,,,,,,,,,,,,,,,,,,,,,,,,,,,,,,,,,,,,,,,,,,,,,,,,,,,,,,,,,,,,,,,1,,,,,,,,,,,,,,,,,,,,,,,,,,,,,,,,,,,,,,,,,,,,,,,,,,,,,,,,,,,,,,,,,,,,,,,,,,,,,,,,,,,,,,,,,,,,,,,,
,,,,,,,,,,,,,,,,,,,,,,,,,,,,,,,,,,,,,,,,,,,,,,,,,,,,,,,,,,,,,,,,,,,,,,,,,,,,,,,,,,,1,,,,,,,,,,,,,,,,,,,,,,,,,,,,,,,,,,,,,,,,,,,,,,,,,,,,,,,,,,,,,,,,,,,,,,,,,,,,,,,,,,,,,,,,,,,,,,,,
,,,,,,,,,,,,,,,,,,,,,,,,,,,,,,,,,,,,,,,,,,,,,,,,,,,,,,,,,,,,,,,,,,,,,,,,,,,,,,,,,,,1,,,,,,,,,,,,,,,,,,,,,,,,,,,,,,,,,,,,,,,,,,,,,,,,,,,,,,,,,,,,,,,,,,,,,,,,,,,,,,,,,,,,,,,,,,,,,,,,
,,,,,,,,,,,,,,,,,,,,,,,,,,,,,,,,,,,,,,,,,,,,,,,,,,,,,,,,,,,,,,,,,,,,,,,,,,,,,,,,,,,1,,,,,,,,,,,,,,,,,,,,,,,,,,,,,,,,,,,,,,,,,,,,,,,,,,,,,,,,,,,,,,,,,,,,,,,,,,,,,,,,,,,,,,,,,,,,,,,,
,,,,,,,,,,,,,,,,,,,,,,,,,,,,,,,,,,,,,,,,,,,,,,,,,,,,,,,,,,,,,,,,,,,,,,,,,,,,,,,,,,,1,,,,,,,,,,,,,,,,,,,,,,,,,,,,,,,,,,,,,,,,,,,,,,,,,,,,,,,,,,,,,,,,,,,,,,,,,,,,,,,,,,,,,,,,,,,,,,,,
,,,,,,,,,,,,,,,,,,,,,,,,,,,,,,,,,,,,,,,,,,,,,,,,,,,,,,,,,,,,,,,,,,,,,,,,,,,,,,,,,,,1,,,,,,,,,,,,,,,,,,,,,,,,,,,,,,,,,,,,,,,,,,,,,,,,,,,,,,,,,,,,,,,,,,,,,,,,,,,,,,,,,,,,,,,,,,,,,,,,
,,,,,,,,,,,,,,,,,,,,,,,,,,,,,,,,,,,,,,,,,,,,,,,,,,,,,,,,,,,,,,,,,,,,,,,,,,,,,,,,,,,1,,,,,,,,,,,,,,,,,,,,,,,,,,,,,,,,,,,,,,,,,,,,,,,,,,,,,,,,,,,,,,,,,,,,,,,,,,,,,,,,,,,,,,,,,,,,,,,,
,,,,,,,,,,,,,,,,,,,,,,,,,,,,,,,,,,,,,,,,,,,,,,,,,,,,,,,,,,,,,,,,,,,,,,,,,,,,,,,,,,,1,,,,,,,,,,,,,,,,,,,,,,,,,,,,,,,,,,,,,,,,,,,,,,,,,,,,,,,,,,,,,,,,,,,,,,,,,,,,,,,,,,,,,,,,,,,,,,,,
,,,,,,,,,,,,,,,,,,,,,,,,,,,,,,,,,,,,,,,,,,,,,,,,,,,,,,,,,,,,,,,,,,,,,,,,,,,,,,,,,,,1,,,,,,,,,,,,,,,,,,,,,,,,,,,,,,,,,,,,,,,,,,,,,,,,,,,,,,,,,,,,,,,,,,,,,,,,,,,,,,,,,,,,,,,,,,,,,,,,
,,,,,,,,,,,,,,,,,,,,,,,,,,,,,,,,,,,,,,,,,,,,,,,,,,,,,,,,,,,,,,,,,,,,,,,,,,,,,,,,,,,1,,,,,,,,,,,,,,,,,,,,,,,,,,,,,,,,,,,,,,,,,,,,,,,,,,,,,,,,,,,,,,,,,,,,,,,,,,,,,,,,,,,,,,,,,,,,,,,,
,,,,,,,,,,,,,,,,,,,,,,,,,,,,,,,,,,,,,,,,,,,,,,,,,,,,,,,,,,,,,,,,,,,,,,,,,,,,,,,,,,,1,,,,,,,,,,,,,,,,,,,,,,,,,,,,,,,,,,,,,,,,,,,,,,,,,,,,,,,,,,,,,,,,,,,,,,,,,,,,,,,,,,,,,,,,,,,,,,,,
,,,,,,,,,,,,,,,,,,,,,,,,,,,,,,,,,,,,,,,,,,,,,,,,,,,,,,,,,,,,,,,,,,,,,,,,,,,,,,,,,,,1,,,,,,,,,,,,,,,,,,,,,,,,,,,,,,,,,,,,,,,,,,,,,,,,,,,,,,,,,,,,,,,,,,,,,,,,,,,,,,,,,,,,,,,,,,,,,,,,
,,,,,,,,,,,,,,,,,,,,,,,,,,,,,,,,,,,,,,,,,,,,,,,,,,,,,,,,,,,,,,,,,,,,,,,,,,,,,,,,,,,1,,,,,,,,,,,,,,,,,,,,,,,,,,,,,,,,,,,,,,,,,,,,,,,,,,,,,,,,,,,,,,,,,,,,,,,,,,,,,,,,,,,,,,,,,,,,,,,,
,,,,,,,,,,,,,,,,,,,,,,,,,,,,,,,,,,,,,,,,,,,,,,,,,,,,,,,,,,,,,,,,,,,,,,,,,,,,,,,,,,,1,,,,,,,,,,,,,,,,,,,,,,,,,,,,,,,,,,,,,,,,,,,,,,,,,,,,,,,,,,,,,,,,,,,,,,,,,,,,,,,,,,,,,,,,,,,,,,,,
,,,,,,,,,,,,,,,,,,,,,,,,,,,,,,,,,,,,,,,,,,,,,,,,,,,,,,,,,,,,,,,,,,,,,,,,,,,,,,,,,,,1,,,,,,,,,,,,,,,,,,,,,,,,,,,,,,,,,,,,,,,,,,,,,,,,,,,,,,,,,,,,,,,,,,,,,,,,,,,,,,,,,,,,,,,,,,,,,,,,
,,,,,,,,,,,,,,,,,,,,,,,,,,,,,,,,,,,,,,,,,,,,,,,,,,,,,,,,,,,,,,,,,,,,,,,,,,,,,,,,,,,1,,,,,,,,,,,,,,,,,,,,,,,,,,,,,,,,,,,,,,,,,,,,,,,,,,,,,,,,,,,,,,,,,,,,,,,,,,,,,,,,,,,,,,,,,,,,,,,,
,,,,,,,,,,,,,,,,,,,,,,,,,,,,,,,,,,,,,,,,,,,,,,,,,,,,,,,,,,,,,,,,,,,,,,,,,,,,,,,,,,,1,,,,,,,,,,,,,,,,,,,,,,,,,,,,,,,,,,,,,,,,,,,,,,,,,,,,,,,,,,,,,,,,,,,,,,,,,,,,,,,,,,,,,,,,,,,,,,,,
,,,,,,,,,,,,,,,,,,,,,,,,,,,,,,,,,,,,,,,,,,,,,,,,,,,,,,,,,,,,,,,,,,,,,,,,,,,,,,,,,,,1,,,,,,,,,,,,,,,,,,,,,,,,,,,,,,,,,,,,,,,,,,,,,,,,,,,,,,,,,,,,,,,,,,,,,,,,,,,,,,,,,,,,,,,,,,,,,,,,
,,,,,,,,,,,,,,,,,,,,,,,,,,,,,,,,,,,,,,,,,,,,,,,,,,,,,,,,,,,,,,,,,,,,,,,,,,,,,,,,,,,1,,,,,,,,,,,,,,,,,,,,,,,,,,,,,,,,,,,,,,,,,,,,,,,,,,,,,,,,,,,,,,,,,,,,,,,,,,,,,,,,,,,,,,,,,,,,,,,,
,,,,,,,,,,,,,,,,,,,,,,,,,,,,,,,,,,,,,,,,,,,,,,,,,,,,,,,,,,,,,,,,,,,,,,,,,,,,,,,,,,,1,,,,,,,,,,,,,,,,,,,,,,,,,,,,,,,,,,,,,,,,,,,,,,,,,,,,,,,,,,,,,,,,,,,,,,,,,,,,,,,,,,,,,,,,,,,,,,,,
,,,,,,,,,,,,,,,,,,,,,,,,,,,,,,,,,,,,,,,,,,,,,,,,,,,,,,,,,,,,,,,,,,,,,,,,,,,,,,,,,,,1,,,,,,,,,,,,,,,,,,,,,,,,,,,,,,,,,,,,,,,,,,,,,,,,,,,,,,,,,,,,,,,,,,,,,,,,,,,,,,,,,,,,,,,,,,,,,,,,
,,,,,,,,,,,,,,,,,,,,,,,,,,,,,,,,,,,,,,,,,,,,,,,,,,,,,,,,,,,,,,,,,,,,,,,,,,,,,,,,,,,1,,,,,,,,,,,,,,,,,,,,,,,,,,,,,,,,,,,,,,,,,,,,,,,,,,,,,,,,,,,,,,,,,,,,,,,,,,,,,,,,,,,,,,,,,,,,,,,,
,,,,,,,,,,,,,,,,,,,,,,,,,,,,,,,,,,,,,,,,,,,,,,,,,,,,,,,,,,,,,,,,,,,,,,,,,,,,,,,,,,,1,,,,,,,,,,,,,,,,,,,,,,,,,,,,,,,,,,,,,,,,,,,,,,,,,,,,,,,,,,,,,,,,,,,,,,,,,,,,,,,,,,,,,,,,,,,,,,,,
,,,,,,,,,,,,,,,,,,,,,,,,,,,,,,,,,,,,,,,,,,,,,,,,,,,,,,,,,,,,,,,,,,,,,,,,,,,,,,,,,,,1,,,,,,,,,,,,,,,,,,,,,,,,,,,,,,,,,,,,,,,,,,,,,,,,,,,,,,,,,,,,,,,,,,,,,,,,,,,,,,,,,,,,,,,,,,,,,,,,
,,,,,,,,,,,,,,,,,,,,,,,,,,,,,,,,,,,,,,,,,,,,,,,,,,,,,,,,,,,,,,,,,,,,,,,,,,,,,,,,,,,1,,,,,,,,,,,,,,,,,,,,,,,,,,,,,,,,,,,,,,,,,,,,,,,,,,,,,,,,,,,,,,,,,,,,,,,,,,,,,,,,,,,,,,,,,,,,,,,,
,,,,,,,,,,,,,,,,,,,,,,,,,,,,,,,,,,,,,,,,,,,,,,,,,,,,,,,,,,,,,,,,,,,,,,,,,,,,,,,,,,,1,,,,,,,,,,,,,,,,,,,,,,,,,,,,,,,,,,,,,,,,,,,,,,,,,,,,,,,,,,,,,,,,,,,,,,,,,,,,,,,,,,,,,,,,,,,,,,,,
,,,,,,,,,,,,,,,,,,,,,,,,,,,,,,,,,,,,,,,,,,,,,,,,,,,,,,,,,,,,,,,,,,,,,,,,,,,,,,,,,,,1,,,,,,,,,,,,,,,,,,,,,,,,,,,,,,,,,,,,,,,,,,,,,,,,,,,,,,,,,,,,,,,,,,,,,,,,,,,,,,,,,,,,,,,,,,,,,,,,
,,,,,,,,,,,,,,,,,,,,,,,,,,,,,,,,,,,,,,,,,,,,,,,,,,,,,,,,,,,,,,,,,,,,,,,,,,,,,,,,,,,1,,,,,,,,,,,,,,,,,,,,,,,,,,,,,,,,,,,,,,,,,,,,,,,,,,,,,,,,,,,,,,,,,,,,,,,,,,,,,,,,,,,,,,,,,,,,,,,,
,,,,,,,,,,,,,,,,,,,,,,,,,,,,,,,,,,,,,,,,,,,,,,,,,,,,,,,,,,,,,,,,,,,,,,,,,,,,,,,,,,,1,,,,,,,,,,,,,,,,,,,,,,,,,,,,,,,,,,,,,,,,,,,,,,,,,,,,,,,,,,,,,,,,,,,,,,,,,,,,,,,,,,,,,,,,,,,,,,,,
,,,,,,,,,,,,,,,,,,,,,,,,,,,,,,,,,,,,,,,,,,,,,,,,,,,,,,,,,,,,,,,,,,,,,,,,,,,,,,,,,,,1,,,,,,,,,,,,,,,,,,,,,,,,,,,,,,,,,,,,,,,,,,,,,,,,,,,,,,,,,,,,,,,,,,,,,,,,,,,,,,,,,,,,,,,,,,,,,,,,
,,,,,,,,,,,,,,,,,,,,,,,,,,,,,,,,,,,,,,,,,,,,,,,,,,,,,,,,,,,,,,,,,,,,,,,,,,,,,,,,,,,1,,,,,,,,,,,,,,,,,,,,,,,,,,,,,,,,,,,,,,,,,,,,,,,,,,,,,,,,,,,,,,,,,,,,,,,,,,,,,,,,,,,,,,,,,,,,,,,,
,,,,,,,,,,,,,,,,,,,,,,,,,,,,,,,,,,,,,,,,,,,,,,,,,,,,,,,,,,,,,,,,,,,,,,,,,,,,,,,,,,,1,,,,,,,,,,,,,,,,,,,,,,,,,,,,,,,,,,,,,,,,,,,,,,,,,,,,,,,,,,,,,,,,,,,,,,,,,,,,,,,,,,,,,,,,,,,,,,,,
,,,,,,,,,,,,,,,,,,,,,,,,,,,,,,,,,,,,,,,,,,,,,,,,,,,,,,,,,,,,,,,,,,,,,,,,,,,,,,,,,,,1,,,,,,,,,,,,,,,,,,,,,,,,,,,,,,,,,,,,,,,,,,,,,,,,,,,,,,,,,,,,,,,,,,,,,,,,,,,,,,,,,,,,,,,,,,,,,,,,
,,,,,,,,,,,,,,,,,,,,,,,,,,,,,,,,,,,,,,,,,,,,,,,,,,,,,,,,,,,,,,,,,,,,,,,,,,,,,,,,,,,1,,,,,,,,,,,,,,,,,,,,,,,,,,,,,,,,,,,,,,,,,,,,,,,,,,,,,,,,,,,,,,,,,,,,,,,,,,,,,,,,,,,,,,,,,,,,,,,,
,,,,,,,,,,,,,,,,,,,,,,,,,,,,,,,,,,,,,,,,,,,,,,,,,,,,,,,,,,,,,,,,,,,,,,,,,,,,,,,,,,,1,,,,,,,,,,,,,,,,,,,,,,,,,,,,,,,,,,,,,,,,,,,,,,,,,,,,,,,,,,,,,,,,,,,,,,,,,,,,,,,,,,,,,,,,,,,,,,,,
,,,,,,,,,,,,,,,,,,,,,,,,,,,,,,,,,,,,,,,,,,,,,,,,,,,,,,,,,,,,,,,,,,,,,,,,,,,,,,,,,,,1,,,,,,,,,,,,,,,,,,,,,,,,,,,,,,,,,,,,,,,,,,,,,,,,,,,,,,,,,,,,,,,,,,,,,,,,,,,,,,,,,,,,,,,,,,,,,,,,
,,,,,,,,,,,,,,,,,,,,,,,,,,,,,,,,,,,,,,,,,,,,,,,,,,,,,,,,,,,,,,,,,,,,,,,,,,,,,,,,,,,1,,,,,,,,,,,,,,,,,,,,,,,,,,,,,,,,,,,,,,,,,,,,,,,,,,,,,,,,,,,,,,,,,,,,,,,,,,,,,,,,,,,,,,,,,,,,,,,,
,,,,,,,,,,,,,,,,,,,,,,,,,,,,,,,,,,,,,,,,,,,,,,,,,,,,,,,,,,,,,,,,,,,,,,,,,,,,,,,,,,,1,,,,,,,,,,,,,,,,,,,,,,,,,,,,,,,,,,,,,,,,,,,,,,,,,,,,,,,,,,,,,,,,,,,,,,,,,,,,,,,,,,,,,,,,,,,,,,,,
,,,,,,,,,,,,,,,,,,,,,,,,,,,,,,,,,,,,,,,,,,,,,,,,,,,,,,,,,,,,,,,,,,,,,,,,,,,,,,,,,,,1,,,,,,,,,,,,,,,,,,,,,,,,,,,,,,,,,,,,,,,,,,,,,,,,,,,,,,,,,,,,,,,,,,,,,,,,,,,,,,,,,,,,,,,,,,,,,,,,
,,,,,,,,,,,,,,,,,,,,,,,,,,,,,,,,,,,,,,,,,,,,,,,,,,,,,,,,,,,,,,,,,,,,,,,,,,,,,,,,,,,1,,,,,,,,,,,,,,,,,,,,,,,,,,,,,,,,,,,,,,,,,,,,,,,,,,,,,,,,,,,,,,,,,,,,,,,,,,,,,,,,,,,,,,,,,,,,,,,,
,,,,,,,,,,,,,,,,,,,,,,,,,,,,,,,,,,,,,,,,,,,,,,,,,,,,,,,,,,,,,,,,,,,,,,,,,,,,,,,,,,,1,,,,,,,,,,,,,,,,,,,,,,,,,,,,,,,,,,,,,,,,,,,,,,,,,,,,,,,,,,,,,,,,,,,,,,,,,,,,,,,,,,,,,,,,,,,,,,,,
,,,,,,,,,,,,,,,,,,,,,,,,,,,,,,,,,,,,,,,,,,,,,,,,,,,,,,,,,,,,,,,,,,,,,,,,,,,,,,,,,,,1,,,,,,,,,,,,,,,,,,,,,,,,,,,,,,,,,,,,,,,,,,,,,,,,,,,,,,,,,,,,,,,,,,,,,,,,,,,,,,,,,,,,,,,,,,,,,,,,
,,,,,,,,,,,,,,,,,,,,,,,,,,,,,,,,,,,,,,,,,,,,,,,,,,,,,,,,,,,,,,,,,,,,,,,,,,,,,,,,,,,1,,,,,,,,,,,,,,,,,,,,,,,,,,,,,,,,,,,,,,,,,,,,,,,,,,,,,,,,,,,,,,,,,,,,,,,,,,,,,,,,,,,,,,,,,,,,,,,,
,,,,,,,,,,,,,,,,,,,,,,,,,,,,,,,,,,,,,,,,,,,,,,,,,,,,,,,,,,,,,,,,,,,,,,,,,,,,,,,,,,,1,,,,,,,,,,,,,,,,,,,,,,,,,,,,,,,,,,,,,,,,,,,,,,,,,,,,,,,,,,,,,,,,,,,,,,,,,,,,,,,,,,,,,,,,,,,,,,,,
,,,,,,,,,,,,,,,,,,,,,,,,,,,,,,,,,,,,,,,,,,,,,,,,,,,,,,,,,,,,,,,,,,,,,,,,,,,,,,,,,,,1,,,,,,,,,,,,,,,,,,,,,,,,,,,,,,,,,,,,,,,,,,,,,,,,,,,,,,,,,,,,,,,,,,,,,,,,,,,,,,,,,,,,,,,,,,,,,,,,
,,,,,,,,,,,,,,,,,,,,,,,,,,,,,,,,,,,,,,,,,,,,,,,,,,,,,,,,,,,,,,,,,,,,,,,,,,,,,,,,,,,1,,,,,,,,,,,,,,,,,,,,,,,,,,,,,,,,,,,,,,,,,,,,,,,,,,,,,,,,,,,,,,,,,,,,,,,,,,,,,,,,,,,,,,,,,,,,,,,,
,,,,,,,,,,,,,,,,,,,,,,,,,,,,,,,,,,,,,,,,,,,,,,,,,,,,,,,,,,,,,,,,,,,,,,,,,,,,,,,,,,,1,,,,,,,,,,,,,,,,,,,,,,,,,,,,,,,,,,,,,,,,,,,,,,,,,,,,,,,,,,,,,,,,,,,,,,,,,,,,,,,,,,,,,,,,,,,,,,,,
,,,,,,,,,,,,,,,,,,,,,,,,,,,,,,,,,,,,,,,,,,,,,,,,,,,,,,,,,,,,,,,,,,,,,,,,,,,,,,,,,,,1,,,,,,,,,,,,,,,,,,,,,,,,,,,,,,,,,,,,,,,,,,,,,,,,,,,,,,,,,,,,,,,,,,,,,,,,,,,,,,,,,,,,,,,,,,,,,,,,
,,,,,,,,,,,,,,,,,,,,,,,,,,,,,,,,,,,,,,,,,,,,,,,,,,,,,,,,,,,,,,,,,,,,,,,,,,,,,,,,,,,1,,,,,,,,,,,,,,,,,,,,,,,,,,,,,,,,,,,,,,,,,,,,,,,,,,,,,,,,,,,,,,,,,,,,,,,,,,,,,,,,,,,,,,,,,,,,,,,,
,,,,,,,,,,,,,,,,,,,,,,,,,,,,,,,,,,,,,,,,,,,,,,,,,,,,,,,,,,,,,,,,,,,,,,,,,,,,,,,,,,,1,,,,,,,,,,,,,,,,,,,,,,,,,,,,,,,,,,,,,,,,,,,,,,,,,,,,,,,,,,,,,,,,,,,,,,,,,,,,,,,,,,,,,,,,,,,,,,,,
,,,,,,,,,,,,,,,,,,,,,,,,,,,,,,,,,,,,,,,,,,,,,,,,,,,,,,,,,,,,,,,,,,,,,,,,,,,,,,,,,,,1,,,,,,,,,,,,,,,,,,,,,,,,,,,,,,,,,,,,,,,,,,,,,,,,,,,,,,,,,,,,,,,,,,,,,,,,,,,,,,,,,,,,,,,,,,,,,,,,
,,,,,,,,,,,,,,,,,,,,,,,,,,,,,,,,,,,,,,,,,,,,,,,,,,,,,,,,,,,,,,,,,,,,,,,,,,,,,,,,,,,1,,,,,,,,,,,,,,,,,,,,,,,,,,,,,,,,,,,,,,,,,,,,,,,,,,,,,,,,,,,,,,,,,,,,,,,,,,,,,,,,,,,,,,,,,,,,,,,,
,,,,,,,,,,,,,,,,,,,,,,,,,,,,,,,,,,,,,,,,,,,,,,,,,,,,,,,,,,,,,,,,,,,,,,,,,,,,,,,,,,,1,,,,,,,,,,,,,,,,,,,,,,,,,,,,,,,,,,,,,,,,,,,,,,,,,,,,,,,,,,,,,,,,,,,,,,,,,,,,,,,,,,,,,,,,,,,,,,,,
,,,,,,,,,,,,,,,,,,,,,,,,,,,,,,,,,,,,,,,,,,,,,,,,,,,,,,,,,,,,,,,,,,,,,,,,,,,,,,,,,,,1,,,,,,,,,,,,,,,,,,,,,,,,,,,,,,,,,,,,,,,,,,,,,,,,,,,,,,,,,,,,,,,,,,,,,,,,,,,,,,,,,,,,,,,,,,,,,,,,
,,,,,,,,,,,,,,,,,,,,,,,,,,,,,,,,,,,,,,,,,,,,,,,,,,,,,,,,,,,,,,,,,,,,,,,,,,,,,,,,,,,1,,,,,,,,,,,,,,,,,,,,,,,,,,,,,,,,,,,,,,,,,,,,,,,,,,,,,,,,,,,,,,,,,,,,,,,,,,,,,,,,,,,,,,,,,,,,,,,,
,,,,,,,,,,,,,,,,,,,,,,,,,,,,,,,,,,,,,,,,,,,,,,,,,,,,,,,,,,,,,,,,,,,,,,,,,,,,,,,,,,,1,,,,,,,,,,,,,,,,,,,,,,,,,,,,,,,,,,,,,,,,,,,,,,,,,,,,,,,,,,,,,,,,,,,,,,,,,,,,,,,,,,,,,,,,,,,,,,,,
,,,,,,,,,,,,,,,,,,,,,,,,,,,,,,,,,,,,,,,,,,,,,,,,,,,,,,,,,,,,,,,,,,,,,,,,,,,,,,,,,,,1,,,,,,,,,,,,,,,,,,,,,,,,,,,,,,,,,,,,,,,,,,,,,,,,,,,,,,,,,,,,,,,,,,,,,,,,,,,,,,,,,,,,,,,,,,,,,,,,
,,,,,,,,,,,,,,,,,,,,,,,,,,,,,,,,,,,,,,,,,,,,,,,,,,,,,,,,,,,,,,,,,,,,,,,,,,,,,,,,,,,1,,,,,,,,,,,,,,,,,,,,,,,,,,,,,,,,,,,,,,,,,,,,,,,,,,,,,,,,,,,,,,,,,,,,,,,,,,,,,,,,,,,,,,,,,,,,,,,,
,,,,,,,,,,,,,,,,,,,,,,,,,,,,,,,,,,,,,,,,,,,,,,,,,,,,,,,,,,,,,,,,,,,,,,,,,,,,,,,,,,,1,,,,,,,,,,,,,,,,,,,,,,,,,,,,,,,,,,,,,,,,,,,,,,,,,,,,,,,,,,,,,,,,,,,,,,,,,,,,,,,,,,,,,,,,,,,,,,,,
,,,,,,,,,,,,,,,,,,,,,,,,,,,,,,,,,,,,,,,,,,,,,,,,,,,,,,,,,,,,,,,,,,,,,,,,,,,,,,,,,,,1,,,,,,,,,,,,,,,,,,,,,,,,,,,,,,,,,,,,,,,,,,,,,,,,,,,,,,,,,,,,,,,,,,,,,,,,,,,,,,,,,,,,,,,,,,,,,,,,
,,,,,,,,,,,,,,,,,,,,,,,,,,,,,,,,,,,,,,,,,,,,,,,,,,,,,,,,,,,,,,,,,,,,,,,,,,,,,,,,,,,1,,,,,,,,,,,,,,,,,,,,,,,,,,,,,,,,,,,,,,,,,,,,,,,,,,,,,,,,,,,,,,,,,,,,,,,,,,,,,,,,,,,,,,,,,,,,,,,,
,,,,,,,,,,,,,,,,,,,,,,,,,,,,,,,,,,,,,,,,,,,,,,,,,,,,,,,,,,,,,,,,,,,,,,,,,,,,,,,,,,,1,,,,,,,,,,,,,,,,,,,,,,,,,,,,,,,,,,,,,,,,,,,,,,,,,,,,,,,,,,,,,,,,,,,,,,,,,,,,,,,,,,,,,,,,,,,,,,,,
,,,,,,,,,,,,,,,,,,,,,,,,,,,,,,,,,,,,,,,,,,,,,,,,,,,,,,,,,,,,,,,,,,,,,,,,,,,,,,,,,,,1,,,,,,,,,,,,,,,,,,,,,,,,,,,,,,,,,,,,,,,,,,,,,,,,,,,,,,,,,,,,,,,,,,,,,,,,,,,,,,,,,,,,,,,,,,,,,,,,
,,,,,,,,,,,,,,,,,,,,,,,,,,,,,,,,,,,,,,,,,,,,,,,,,,,,,,,,,,,,,,,,,,,,,,,,,,,,,,,,,,,1,,,,,,,,,,,,,,,,,,,,,,,,,,,,,,,,,,,,,,,,,,,,,,,,,,,,,,,,,,,,,,,,,,,,,,,,,,,,,,,,,,,,,,,,,,,,,,,,
,,,,,,,,,,,,,,,,,,,,,,,,,,,,,,,,,,,,,,,,,,,,,,,,,,,,,,,,,,,,,,,,,,,,,,,,,,,,,,,,,,,1,,,,,,,,,,,,,,,,,,,,,,,,,,,,,,,,,,,,,,,,,,,,,,,,,,,,,,,,,,,,,,,,,,,,,,,,,,,,,,,,,,,,,,,,,,,,,,,,
,,,,,,,,,,,,,,,,,,,,,,,,,,,,,,,,,,,,,,,,,,,,,,,,,,,,,,,,,,,,,,,,,,,,,,,,,,,,,,,,,,,1,,,,,,,,,,,,,,,,,,,,,,,,,,,,,,,,,,,,,,,,,,,,,,,,,,,,,,,,,,,,,,,,,,,,,,,,,,,,,,,,,,,,,,,,,,,,,,,,
,,,,,,,,,,,,,,,,,,,,,,,,,,,,,,,,,,,,,,,,,,,,,,,,,,,,,,,,,,,,,,,,,,,,,,,,,,,,,,,,,,,1,,,,,,,,,,,,,,,,,,,,,,,,,,,,,,,,,,,,,,,,,,,,,,,,,,,,,,,,,,,,,,,,,,,,,,,,,,,,,,,,,,,,,,,,,,,,,,,,
,,,,,,,,,,,,,,,,,,,,,,,,,,,,,,,,,,,,,,,,,,,,,,,,,,,,,,,,,,,,,,,,,,,,,,,,,,,,,,,,,,,1,,,,,,,,,,,,,,,,,,,,,,,,,,,,,,,,,,,,,,,,,,,,,,,,,,,,,,,,,,,,,,,,,,,,,,,,,,,,,,,,,,,,,,,,,,,,,,,,
,,,,,,,,,,,,,,,,,,,,,,,,,,,,,,,,,,,,,,,,,,,,,,,,,,,,,,,,,,,,,,,,,,,,,,,,,,,,,,,,,,,1,,,,,,,,,,,,,,,,,,,,,,,,,,,,,,,,,,,,,,,,,,,,,,,,,,,,,,,,,,,,,,,,,,,,,,,,,,,,,,,,,,,,,,,,,,,,,,,,
,,,,,,,,,,,,,,,,,,,,,,,,,,,,,,,,,,,,,,,,,,,,,,,,,,,,,,,,,,,,,,,,,,,,,,,,,,,,,,,,,,,1,,,,,,,,,,,,,,,,,,,,,,,,,,,,,,,,,,,,,,,,,,,,,,,,,,,,,,,,,,,,,,,,,,,,,,,,,,,,,,,,,,,,,,,,,,,,,,,,
,,,,,,,,,,,,,,,,,,,,,,,,,,,,,,,,,,,,,,,,,,,,,,,,,,,,,,,,,,,,,,,,,,,,,,,,,,,,,,,,,,,1,,,,,,,,,,,,,,,,,,,,,,,,,,,,,,,,,,,,,,,,,,,,,,,,,,,,,,,,,,,,,,,,,,,,,,,,,,,,,,,,,,,,,,,,,,,,,,,,
,,,,,,,,,,,,,,,,,,,,,,,,,,,,,,,,,,,,,,,,,,,,,,,,,,,,,,,,,,,,,,,,,,,,,,,,,,,,,,,,,,,1,,,,,,,,,,,,,,,,,,,,,,,,,,,,,,,,,,,,,,,,,,,,,,,,,,,,,,,,,,,,,,,,,,,,,,,,,,,,,,,,,,,,,,,,,,,,,,,,
,,,,,,,,,,,,,,,,,,,,,,,,,,,,,,,,,,,,,,,,,,,,,,,,,,,,,,,,,,,,,,,,,,,,,,,,,,,,,,,,,,,1,,,,,,,,,,,,,,,,,,,,,,,,,,,,,,,,,,,,,,,,,,,,,,,,,,,,,,,,,,,,,,,,,,,,,,,,,,,,,,,,,,,,,,,,,,,,,,,,
,,,,,,,,,,,,,,,,,,,,,,,,,,,,,,,,,,,,,,,,,,,,,,,,,,,,,,,,,,,,,,,,,,,,,,,,,,,,,,,,,,,1,,,,,,,,,,,,,,,,,,,,,,,,,,,,,,,,,,,,,,,,,,,,,,,,,,,,,,,,,,,,,,,,,,,,,,,,,,,,,,,,,,,,,,,,,,,,,,,,
